114422
607
782
333
420
732
123
822
401
157
65
389
591
342
321
970
737
397
589
232
87
794
945
444
269
599
621
636
339
153
563
37
455
316
677
666
386
183
771
256
60
293
977
769
952
599
82
511
592
175
14
202
93
431
70
216
473
893
456
262
929
183
376
463
248
932
652
38
515
774
852
362
360
608
516
876
427
446
999
523
430
155
632
585
776
514
951
832
976
482
336
219
438
92
124
584
316
355
221
168
927
839
836
829
28
271
453
327
823
361
330
878
127
866
50
137
528
324
85
547
354
673
78
152
262
542
680
426
382
416
809
844
856
905
781
544
654
601
138
531
731
546
804
933
650
191
471
447
716
632
628
377
640
794
117
650
994
685
679
340
40
736
724
971
807
863
523
511
39
28
705
721
866
327
721
69
106
156
193
523
623
875
464
298
250
304
453
827
960
322
687
944
963
823
460
979
326
441
448
626
354
487
74
171
770
259
233
553
136
997
380
530
49
382
242
20
69
738
736
661
551
555
563
114
918
203
680
676
524
771
377
267
692
420
556
894
439
317
742
538
68
53
704
576
252
576
314
187
389
397
650
747
64
277
126
446
459
805
918
303
823
407
931
776
503
353
343
894
47
485
727
363
980
815
413
661
435
697
570
320
589
973
765
704
836
183
490
605
568
913
473
738
713
667
262
40
752
962
479
959
432
307
647
285
439
624
986
568
60
530
134
198
883
270
388
932
841
254
578
210
798
94
67
689
398
326
708
600
408
567
31
909
227
294
329
397
843
859
297
759
642
3
905
455
498
230
741
707
370
479
407
215
506
562
506
827
155
143
887
61
807
900
926
355
998
308
912
582
417
569
771
74
569
964
301
475
613
526
658
732
726
907
917
637
452
72
841
725
422
182
47
940
158
815
411
131
551
624
742
772
873
143
882
477
680
947
140
51
861
772
529
974
565
554
977
148
978
826
893
930
518
158
726
918
231
360
983
645
132
822
814
982
83
22
249
194
81
576
512
27
244
265
397
289
579
59
45
373
551
372
442
662
31
147
620
465
121
365
288
518
315
506
778
832
282
381
755
379
551
287
597
418
969
313
56
560
206
827
413
332
378
875
700
845
508
481
458
334
382
558
173
903
416
581
523
984
493
102
883
803
821
307
916
899
738
297
156
931
206
161
69
664
785
151
16
293
190
460
631
823
729
841
43
500
607
25
705
352
817
697
247
439
305
470
293
891
604
101
211
215
173
899
772
88
485
549
755
736
584
393
959
657
294
886
519
669
620
391
521
344
491
555
53
755
336
270
110
303
230
416
773
951
372
987
875
724
337
75
743
377
286
658
920
499
385
513
347
629
311
210
456
915
374
257
206
650
838
734
638
254
198
882
528
680
516
612
711
58
885
873
832
949
86
925
286
453
682
575
527
133
573
367
798
455
934
629
742
278
398
798
935
264
206
843
239
18
926
598
503
537
83
268
323
647
501
843
826
475
850
684
760
198
766
106
520
172
147
746
821
997
155
226
576
373
167
993
644
680
593
726
140
399
512
122
146
748
362
34
275
896
971
920
140
9
604
284
162
858
862
423
513
24
912
609
796
222
692
496
580
59
250
569
416
406
468
241
318
122
547
65
315
228
58
873
5
296
424
832
302
451
725
578
783
547
996
5
318
311
353
16
106
736
831
695
492
422
563
527
74
724
447
716
703
198
29
515
614
565
294
839
191
545
230
791
457
407
332
665
146
965
599
268
732
198
254
824
189
210
187
486
656
357
287
483
902
961
209
761
392
821
539
609
811
948
608
399
821
127
204
71
11
512
461
679
723
479
654
303
419
940
790
693
951
778
778
674
913
742
249
138
587
398
484
322
80
478
340
319
579
973
819
569
663
767
831
35
298
768
457
3
871
562
472
796
642
337
241
503
967
31
751
693
582
815
649
900
485
609
644
209
549
55
491
337
911
673
376
128
400
976
919
867
523
218
68
973
573
339
249
732
235
872
574
735
701
916
118
339
342
903
254
882
285
219
897
70
591
436
835
3
851
769
557
257
277
894
403
538
178
71
455
119
927
437
828
203
986
984
330
931
875
894
844
37
996
907
669
879
992
950
842
910
920
16
788
587
142
715
311
766
489
789
310
311
568
711
474
935
535
77
781
473
160
514
959
20
862
79
557
446
97
505
429
396
209
583
40
203
391
883
170
432
778
603
678
5
506
454
52
614
523
492
437
248
309
773
336
441
390
118
423
205
684
686
723
559
215
647
212
35
857
136
334
166
784
508
938
523
484
645
205
566
200
737
744
596
290
83
686
896
542
875
854
401
298
686
212
780
465
10
807
645
663
618
790
6
858
556
530
763
883
757
507
995
860
344
813
201
144
360
662
924
774
139
962
811
404
999
185
853
901
521
42
29
149
824
481
926
283
456
226
230
60
428
732
928
825
100
853
138
978
509
304
186
810
187
618
918
204
764
100
528
572
134
270
642
734
123
544
902
487
413
759
69
599
763
306
746
781
471
646
399
205
762
51
103
166
469
578
487
268
337
607
177
603
641
907
557
210
958
684
23
587
134
814
960
97
27
386
471
251
202
672
187
945
831
340
397
402
843
262
3
918
459
396
763
964
277
541
873
75
551
688
794
269
701
781
573
980
275
442
157
166
239
34
741
181
708
312
641
656
991
59
618
151
417
958
306
69
934
245
726
682
124
517
446
242
724
219
281
723
52
619
855
978
458
714
93
245
905
941
266
937
972
540
525
686
541
696
72
723
876
284
443
824
499
36
660
993
608
52
373
512
280
806
723
479
302
804
9
579
552
972
190
991
750
351
838
291
912
618
331
166
337
385
664
419
797
522
708
303
28
99
752
685
885
673
460
815
86
448
538
828
675
205
794
386
749
954
342
729
179
880
331
239
484
259
550
90
21
827
12
157
369
57
898
54
829
948
526
610
882
132
574
115
902
486
186
803
151
632
446
754
149
158
918
66
342
922
686
439
659
572
386
689
968
838
140
223
514
420
272
566
361
18
185
173
23
124
618
447
321
504
435
429
525
489
449
625
349
515
895
268
397
261
580
950
254
234
716
497
915
889
198
354
366
617
234
652
683
156
527
325
224
383
153
97
441
40
282
685
790
853
516
325
541
320
802
51
451
204
132
8
483
369
802
168
376
144
78
269
130
303
16
776
821
632
702
634
795
683
560
690
984
94
366
167
283
724
913
865
339
377
23
833
477
524
631
181
43
593
444
163
560
553
318
265
998
57
520
557
52
213
315
289
465
689
921
877
965
682
554
468
178
714
136
297
660
78
953
559
750
899
206
405
775
139
467
558
712
217
244
692
963
776
24
999
493
615
742
946
624
749
976
542
958
430
431
396
795
127
359
683
240
972
346
886
449
656
76
565
8
843
99
268
475
569
397
577
899
571
109
891
207
184
839
742
649
33
313
674
42
633
966
807
726
623
289
910
715
154
297
858
408
228
313
35
580
326
411
767
449
210
279
377
964
964
457
872
566
70
159
100
697
544
163
601
909
285
7
876
83
391
579
714
361
568
887
309
39
398
655
76
504
39
881
714
682
945
489
18
228
53
226
692
498
720
400
250
52
230
738
298
260
773
667
191
701
940
61
740
200
678
347
16
99
680
982
406
414
414
438
523
269
268
335
265
840
971
659
686
566
405
192
426
830
315
968
414
141
573
727
804
863
876
497
345
602
867
419
823
811
836
326
578
157
834
659
213
645
634
275
380
133
646
67
498
75
583
821
453
635
223
248
575
827
814
529
363
657
32
921
345
889
311
910
870
401
168
315
332
652
891
176
622
726
608
597
408
983
259
721
225
310
681
134
418
52
820
466
44
809
399
181
912
45
964
26
767
749
795
773
215
800
996
220
922
261
807
922
994
311
220
277
136
653
15
903
474
343
826
772
239
733
853
835
13
723
147
726
740
961
532
426
335
119
729
930
634
496
40
909
784
31
226
810
276
384
606
67
476
253
965
948
499
527
888
567
278
315
447
359
963
435
951
65
384
417
390
918
692
934
435
271
312
116
126
840
823
239
480
670
630
371
563
790
242
886
76
677
45
627
450
115
380
514
516
332
372
947
175
62
277
811
91
896
30
201
677
266
8
15
984
691
565
738
135
152
581
768
867
751
433
630
121
544
573
249
551
420
929
993
270
186
518
367
901
16
636
350
507
595
240
743
485
186
234
198
211
436
938
81
270
992
85
23
230
501
998
728
607
385
396
373
562
782
547
729
63
819
484
984
799
931
412
255
696
993
994
528
868
250
543
397
572
656
621
761
313
616
180
11
284
430
477
753
233
474
284
592
815
291
397
368
288
212
773
494
600
275
246
839
794
796
703
749
324
382
243
711
223
393
145
804
247
863
492
22
455
733
286
215
970
12
575
3
836
82
341
855
831
963
154
918
619
944
652
260
819
879
467
658
930
109
266
47
858
458
902
590
526
274
939
961
16
102
496
36
409
680
201
485
598
411
830
688
277
603
999
396
74
582
166
788
188
845
265
891
633
15
508
114
449
683
347
872
458
796
754
947
953
823
507
267
869
611
566
415
705
160
223
651
926
14
56
955
111
927
208
781
688
366
247
624
88
582
106
712
4
601
98
162
213
621
10
803
440
752
175
250
166
303
360
688
940
134
180
610
173
387
127
683
90
217
519
465
760
500
140
376
218
853
110
971
437
216
738
158
284
171
25
516
840
440
441
989
902
47
893
963
285
119
591
939
902
136
973
876
145
412
779
534
197
852
601
702
991
525
974
824
600
228
997
695
637
454
221
260
434
939
869
57
142
689
871
389
117
317
285
703
270
575
543
300
442
538
331
992
169
921
765
616
574
212
604
566
348
934
835
81
30
825
179
407
78
563
766
49
350
566
161
604
597
105
214
592
537
479
55
297
749
941
56
760
871
177
302
250
279
282
309
496
658
227
2
675
888
89
351
407
954
835
795
38
463
835
437
306
238
19
875
379
472
197
405
1
254
364
494
301
597
635
20
26
556
192
536
83
714
495
96
813
620
593
148
772
15
975
632
707
493
858
569
3
56
983
141
210
894
232
934
739
662
263
469
603
929
772
156
315
49
837
11
694
13
520
170
936
801
324
986
539
771
53
791
820
423
711
60
450
104
886
237
413
192
781
660
308
830
98
933
909
675
317
385
634
990
309
593
402
955
734
921
781
302
119
293
98
975
391
594
230
691
299
494
927
547
28
993
404
605
757
733
54
831
844
477
582
744
210
18
670
377
590
956
945
452
637
654
350
584
126
443
933
126
360
215
370
674
385
967
21
335
410
322
548
629
202
976
525
795
221
892
980
888
166
272
590
637
788
567
794
324
666
732
670
997
463
519
966
923
878
458
839
31
20
442
205
324
755
216
221
341
138
696
162
969
913
368
28
89
916
269
84
840
305
779
547
246
604
691
349
105
760
537
714
171
102
355
578
685
433
569
321
298
742
170
806
405
34
34
661
67
575
484
201
267
427
459
55
278
873
230
645
819
490
731
682
459
475
151
977
720
524
256
219
406
35
318
562
887
237
628
487
612
103
275
413
745
607
350
165
825
494
750
244
376
579
714
302
702
543
253
817
642
289
388
119
732
790
947
812
960
134
32
883
313
579
185
455
500
389
165
435
674
375
117
309
597
414
402
640
754
604
512
969
356
994
875
149
569
209
708
354
431
158
265
88
746
94
663
832
742
886
246
740
352
500
786
908
902
869
595
414
692
356
27
860
554
931
615
225
340
128
688
520
499
596
673
747
595
826
380
827
280
483
321
668
385
790
287
583
185
999
503
296
97
867
179
512
931
218
428
114
215
498
644
77
761
707
524
738
775
129
601
240
416
162
998
178
803
300
469
421
62
580
482
627
686
540
735
82
736
807
887
535
469
458
554
283
569
904
843
685
832
781
16
263
986
373
725
515
522
172
104
706
719
646
554
254
673
816
527
885
597
753
775
904
852
468
713
723
242
274
886
803
795
399
812
312
444
756
931
341
937
265
122
201
552
434
557
289
843
924
496
529
541
757
176
428
558
629
897
660
493
50
586
450
111
319
351
532
505
355
803
16
220
158
797
107
339
701
460
129
363
36
284
757
606
381
436
329
860
435
491
632
547
763
353
248
892
846
537
722
377
663
691
32
677
550
550
96
499
623
175
241
567
274
750
931
488
177
248
733
692
81
732
81
452
606
431
557
987
382
196
649
671
306
717
978
906
410
563
85
445
575
493
932
804
86
841
319
834
609
985
105
60
600
147
97
652
403
446
908
316
326
622
352
120
719
224
270
651
303
531
353
501
136
567
806
45
358
127
637
379
917
257
843
758
965
189
901
306
741
822
910
117
19
335
178
445
994
499
880
978
450
466
700
60
336
852
236
426
755
241
467
140
785
481
139
849
201
694
554
984
566
870
487
530
226
985
482
257
113
879
483
319
999
346
696
483
292
12
188
997
464
322
191
983
551
799
459
456
347
623
559
131
591
156
388
544
965
398
252
974
217
122
840
352
694
176
387
472
141
332
829
321
4
411
518
36
165
287
449
524
373
386
500
307
381
552
371
3
892
14
707
625
195
452
80
105
632
861
140
198
442
568
322
159
444
132
517
877
552
793
120
897
357
485
436
260
17
273
541
792
635
257
929
140
942
518
547
756
208
981
241
441
495
150
514
489
195
139
226
674
526
734
201
924
813
124
823
136
29
848
630
872
27
879
529
50
589
28
959
743
587
335
726
414
306
375
791
510
694
511
115
209
694
751
313
759
220
188
862
966
3
375
513
716
486
362
278
966
703
906
526
152
891
938
623
551
761
89
189
59
952
726
43
315
345
159
130
369
70
953
123
299
155
865
855
456
924
205
824
124
665
89
227
716
545
479
573
246
136
426
357
19
154
33
693
383
134
630
35753
550
278
64
237
514
208
922
828
377
542
928
810
656
335
643
411
257
197
738
551
396
615
194
499
716
106
450
370
462
393
59
83
982
517
361
918
31
643
61
460
666
675
539
891
558
124
420
789
993
784
365
651
588
215
29
990
896
419
86
971
945
34
192
608
489
340
594
440
40
429
977
438
940
839
623
739
755
335
195
491
462
418
618
940
984
398
920
684
777
74
853
253
979
735
322
368
938
718
313
124
186
194
335
592
278
332
752
15
266
617
83
516
237
124
200
88
115
914
680
458
649
376
755
133
126
571
556
529
993
571
841
788
937
292
728
911
484
985
77
117
904
602
599
752
812
925
510
264
66
229
521
783
712
186
754
875
100
566
817
860
172
626
455
655
684
560
47
343
252
953
565
927
312
692
684
562
84
933
999
294
551
206
245
351
752
743
202
339
875
885
974
206
360
267
694
554
632
583
995
755
776
145
135
814
661
508
713
326
627
571
733
149
304
596
743
18
660
380
605
827
730
159
737
122
899
610
112
88
181
761
176
182
613
496
254
510
660
139
404
40
997
608
337
772
774
859
3
912
892
633
769
912
88
723
551
118
993
514
931
55
172
590
893
333
337
100
847
795
498
459
28
965
5
145
892
733
643
925
1000
172
304
393
342
879
362
688
401
888
719
124
315
781
990
733
855
392
576
427
865
734
745
78
698
175
265
83
233
882
70
111
86
26
219
726
213
532
337
114
121
442
600
147
147
974
178
925
35
79
64
693
649
676
103
398
112
146
664
926
343
818
613
596
22
550
69
339
553
871
914
678
929
817
61
788
327
25
675
672
505
501
505
411
290
125
516
406
48
722
760
306
214
631
221
488
515
724
801
304
154
991
186
25
678
623
864
734
519
483
752
298
231
657
28
119
304
197
352
884
59
772
935
642
797
272
213
531
114
131
621
345
874
765
430
503
451
520
540
232
21
594
277
589
880
379
780
405
827
560
532
573
849
500
751
528
798
831
155
414
930
767
736
189
344
891
546
590
414
853
462
90
615
360
807
251
724
128
941
275
396
425
974
405
339
588
64
473
181
730
400
299
314
534
665
849
153
9
476
344
761
889
721
395
507
690
519
104
984
124
355
367
316
409
684
606
457
352
397
608
75
911
535
292
939
710
906
958
373
61
484
421
899
841
292
467
909
880
404
319
293
682
405
372
776
254
914
418
10
716
234
5
753
2
704
28
808
444
937
264
171
322
430
832
655
821
142
588
395
931
597
816
150
341
19
748
165
845
944
585
373
580
265
7
82
407
657
985
613
514
781
605
329
147
326
786
75
539
550
985
766
415
659
484
597
720
209
744
706
93
254
732
306
594
13
47
785
235
929
519
389
522
195
54
729
559
327
277
859
561
434
311
121
372
629
222
927
781
917
79
60
6
99
819
145
688
56
656
515
484
871
857
951
47
506
717
63
39
454
787
621
428
789
261
305
585
388
886
315
214
169
724
525
888
205
776
479
523
667
644
61
997
829
296
48
539
475
232
502
872
837
26
556
515
52
862
60
413
202
354
801
779
829
392
189
750
152
269
119
608
237
181
242
418
498
370
547
550
433
721
37
394
168
252
380
440
506
699
74
864
72
577
68
885
312
500
523
429
935
347
894
370
719
878
493
984
611
406
315
788
493
398
25
491
947
224
587
966
368
953
934
413
24
618
180
52
370
815
299
682
472
322
279
367
260
600
516
618
538
830
906
809
912
219
91
341
336
510
513
834
467
899
444
196
877
655
405
213
421
531
176
960
44
317
969
706
995
237
859
771
857
390
205
200
661
453
556
925
53
829
44
658
490
803
405
771
901
10
524
407
448
863
227
206
48
795
418
763
956
625
769
688
306
109
161
682
895
428
765
345
556
441
75
248
204
607
74
36
632
269
375
940
62
973
658
843
881
968
777
271
418
924
531
648
980
64
487
214
438
922
741
913
425
821
721
40
481
714
132
129
392
39
301
628
622
784
329
300
810
460
828
898
835
826
708
744
345
273
178
844
474
880
342
852
797
464
348
649
467
680
508
36
853
754
871
649
710
56
175
565
275
685
922
954
596
57
53
690
327
442
415
32
65
370
664
777
536
678
110
58
216
539
250
293
931
415
156
397
812
744
308
428
167
918
562
507
430
689
423
396
156
80
952
273
950
629
574
961
45
959
809
600
797
571
665
524
924
34
87
747
608
763
499
784
468
204
301
426
600
500
270
39
571
268
682
361
282
823
365
863
34
99
111
179
4
572
2
771
559
217
697
169
920
834
717
1
278
926
714
201
957
49
121
140
622
987
471
142
970
90
517
770
351
19
21
957
845
376
515
16
144
134
251
773
694
552
762
913
85
226
289
194
218
6
603
434
431
876
621
550
549
123
291
598
565
268
312
357
14
217
780
495
680
528
993
583
474
120
737
620
125
382
298
831
997
258
952
587
861
458
220
958
927
778
152
861
889
49
540
965
943
710
255
776
268
580
896
326
892
932
962
927
466
647
8
745
419
946
311
994
468
743
145
88
537
656
595
158
195
453
941
577
355
388
206
366
493
184
425
603
77
138
380
108
113
715
382
991
257
10
740
458
757
5
890
510
530
98
911
202
105
710
429
441
235
433
780
672
319
340
771
709
126
605
920
224
898
875
9
531
244
322
522
380
505
89
218
294
553
481
34
883
840
917
816
913
436
370
760
192
795
161
185
226
352
340
883
26
518
750
675
840
380
245
949
588
962
737
778
889
996
432
571
565
738
229
60
179
22
636
40
141
894
227
916
730
454
474
121
200
286
205
943
631
260
242
874
894
335
325
724
576
964
253
983
413
208
755
770
290
489
380
901
744
455
978
888
783
781
733
545
66
582
430
791
165
56
784
535
455
663
973
65
599
56
98
74
591
536
905
782
485
155
472
883
865
197
336
669
524
819
805
185
855
968
593
213
489
193
822
18
659
950
272
759
278
338
206
705
440
59
296
942
407
634
989
146
416
101
933
456
895
655
811
513
706
144
884
836
39
393
77
102
918
930
269
239
26
595
324
108
283
680
473
795
166
548
154
965
504
285
363
330
334
230
116
408
176
266
857
986
238
961
538
735
84
446
750
45
365
845
333
478
575
970
879
898
186
302
961
612
436
612
953
961
826
477
758
65
536
314
44
859
309
750
636
224
445
156
93
932
877
294
156
887
656
377
744
272
376
951
466
843
546
905
533
942
60
256
91
35
158
102
940
149
854
376
143
686
269
565
949
555
877
803
639
590
688
360
484
962
455
970
996
812
814
38
807
705
320
518
958
361
902
983
53
121
754
610
564
300
925
705
304
199
307
988
929
768
900
632
250
269
616
181
294
458
667
474
962
486
891
570
421
193
299
904
470
490
610
768
103
829
197
943
917
794
794
899
209
628
106
246
780
834
392
506
17
743
715
685
479
585
143
792
741
268
402
464
772
319
136
119
166
981
379
17
804
794
967
696
943
713
89
751
793
1000
987
699
139
242
470
62
27
700
627
243
192
337
229
465
560
444
329
143
772
659
374
946
968
809
817
915
331
673
932
262
368
38
215
67
271
578
291
31
845
721
879
229
246
945
617
474
588
192
894
542
434
754
758
312
153
649
505
97
620
880
63
862
495
966
877
44
473
98
50
917
281
954
402
18
271
158
267
912
934
939
178
924
384
900
805
532
995
994
398
360
533
521
995
176
971
527
674
404
172
739
877
931
253
998
131
375
58
448
278
498
139
660
777
173
675
456
577
84
38
57
443
639
405
650
249
896
215
225
375
234
790
399
979
685
860
698
218
538
65
68
192
466
152
642
905
412
555
124
436
896
855
444
534
122
892
526
644
506
463
389
270
253
974
186
214
438
610
805
895
188
240
19
211
986
101
959
113
355
743
357
594
341
604
519
724
226
261
701
673
942
283
873
842
902
596
771
851
682
449
518
778
533
262
694
946
396
333
319
784
945
172
434
779
748
318
514
145
378
65
193
733
478
522
45
677
518
179
788
451
480
513
868
739
496
501
394
65
170
681
717
381
604
608
167
956
28
292
801
318
123
561
46
177
139
966
672
75
788
833
87
242
183
640
220
67
930
774
602
309
46
908
258
865
830
82
155
683
66
566
826
160
646
104
570
469
823
961
977
694
164
703
334
867
41
910
74
970
407
429
452
348
130
244
209
645
753
519
24
571
929
369
611
319
457
213
939
483
707
815
132
154
579
282
49
411
911
622
424
446
841
419
881
256
796
621
279
109
720
175
360
829
606
149
781
809
196
878
62
936
8
523
82
694
567
375
683
23
99
404
153
352
879
557
647
385
553
616
797
43
381
880
914
642
234
321
470
863
352
115
795
402
284
674
353
705
73
487
230
449
838
623
326
297
421
639
897
165
582
258
962
576
577
524
993
978
618
677
189
899
980
132
845
415
9
10
227
325
130
439
848
286
607
727
202
556
710
918
335
800
711
451
341
325
305
731
59
290
706
983
469
69
520
451
261
854
459
376
424
599
650
74
439
137
376
863
351
346
454
284
953
317
374
789
380
218
56
341
63
272
337
754
554
731
858
700
363
788
310
843
440
616
419
786
44
818
900
292
650
677
271
364
564
920
835
114
658
99
40
487
778
690
307
75
223
460
998
209
265
413
621
858
102
423
923
804
712
809
425
504
74
880
777
625
22
968
475
923
976
449
537
571
100
820
815
504
890
288
736
728
629
339
126
236
989
430
780
72
315
26
270
623
302
48
782
406
310
558
837
710
255
424
857
17
320
90
415
764
1
172
448
290
862
170
855
65
172
236
723
698
212
812
144
399
563
742
11
398
299
751
781
312
787
120
480
164
389
893
770
152
531
457
461
322
507
932
158
786
646
561
486
977
5
37
962
313
976
772
690
669
561
788
95
309
730
748
984
633
706
987
732
693
564
775
847
279
977
464
547
285
538
442
391
498
309
286
975
199
346
62
612
495
355
124
660
11
709
724
405
290
403
73
443
556
921
3
117
887
32
692
845
401
769
267
504
797
972
596
539
57
603
487
91
728
843
233
186
347
23
341
999
198
359
669
510
685
855
627
980
874
512
661
122
637
647
348
734
917
398
326
104
110
114
427
234
196
322
650
276
44
939
730
552
18
956
757
890
150
37
732
438
369
651
161
568
552
987
639
780
598
888
673
456
856
208
288
318
230
65
469
120
906
339
906
38
271
988
799
374
275
3
174
578
709
211
871
602
800
558
757
793
898
990
971
794
3
42
970
862
604
741
316
20
438
321
598
515
219
709
826
447
672
522
267
102
767
351
156
971
97
504
887
241
930
899
141
507
633
835
235
312
460
420
677
731
64
966
162
792
362
664
526
670
246
990
471
499
957
635
734
742
3
110
221
364
836
413
145
697
659
548
867
55
672
804
424
382
203
252
623
675
738
85
206
8
2
717
122
418
745
645
207
520
721
508
955
275
790
283
200
93
480
55
377
751
53
861
799
225
70
875
591
969
770
599
736
107
727
475
762
16
617
797
113
690
934
415
790
825
10
447
320
570
419
486
387
801
893
794
529
145
196
532
61
232
436
637
415
351
36
745
267
484
946
37
912
858
94
41
101
928
648
132
438
880
54
460
775
451
938
14
71
545
943
524
39
559
317
516
39
559
934
615
591
882
180
820
83
912
298
226
445
790
165
268
480
120
548
902
627
537
872
130
427
915
84
544
931
183
648
743
504
197
523
978
206
110
890
196
810
691
68
363
888
262
419
173
941
286
6
83
646
392
626
26
355
705
567
568
478
768
844
112
465
916
152
506
131
734
8
802
493
316
858
697
217
736
499
456
832
142
788
450
202
194
860
561
629
54
143
709
269
850
219
347
949
718
339
948
331
554
258
697
294
831
22
387
240
284
605
546
930
653
395
361
533
924
677
291
456
987
862
823
147
537
917
665
645
184
29
230
421
814
988
638
769
615
374
977
282
101
437
999
422
700
45
718
543
342
450
385
676
841
615
701
255
727
512
417
34
728
960
502
837
516
277
784
118
581
108
798
255
978
527
190
124
120
590
687
818
698
221
399
508
904
223
194
253
135
604
281
628
87
259
189
651
631
369
478
447
54
126
131
257
796
627
15
319
413
139
391
538
921
896
17
985
889
351
628
738
19
821
690
666
741
95
656
420
964
741
694
214
310
472
150
668
67
356
120
668
191
470
573
714
983
230
607
652
819
647
981
889
336
103
572
428
900
347
683
135
751
665
572
620
232
431
314
358
795
525
149
229
137
754
500
366
614
709
995
785
477
762
907
583
871
94
943
574
115
979
768
64
86
171
29
590
916
539
514
20
270
89
85
47
783
588
751
237
542
243
543
501
137
613
837
128
647
781
195
348
915
502
802
367
487
960
688
67
61
174
296
3
963
187
906
500
661
56
987
699
155
674
994
90
456
861
46
319
726
610
985
412
234
978
162
161
540
142
143
831
899
289
209
988
602
189
148
245
996
910
76
817
205
920
202
381
352
550
207
161
329
641
847
427
752
742
47
675
903
452
272
187
78
223
184
255
617
967
515
439
87
477
859
595
85
883
322
444
689
968
841
36
399
137
346
49
572
302
203
464
675
922
897
89
392
716
908
683
452
108
595
477
568
535
610
228
218
753
580
824
312
372
911
259
170
891
285
222
874
425
135
193
35
472
636
560
335
143
487
169
483
873
776
936
599
108
304
769
927
885
319
556
244
308
324
513
107
504
875
487
551
567
737
800
682
580
79
646
731
945
76
383
767
856
481
501
905
865
57
685
960
319
626
758
697
328
69
620
174
577
532
885
856
741
281
487
251
861
738
319
355
286
908
716
138
991
84
290
49
526
769
513
445
701
371
773
488
575
995
395
374
183
801
705
817
927
267
469
143
998
494
129
510
114
965
779
554
572
189
596
485
296
603
831
468
73
424
713
224
709
256
724
749
35
745
903
761
986
57
484
142
476
877
321
809
82
299
215
551
485
576
192
579
751
278
864
766
12
200
437
678
664
613
683
438
410
363
957
468
422
65
101
675
347
361
186
564
736
50
436
779
147
605
403
360
892
56
158
409
250
315
868
284
301
798
730
85
718
801
31
988
119
252
963
676
912
582
995
262
594
374
389
685
707
288
345
294
604
435
870
397
366
684
541
752
300
694
928
121
183
197
401
288
778
21
853
67
919
792
823
490
564
915
965
253
375
805
365
601
991
21
437
296
228
345
657
758
130
822
604
996
519
249
175
296
680
931
12
472
173
102
267
234
220
109
882
661
38
257
815
897
306
143
640
657
160
957
948
804
120
246
516
809
331
834
47
45
883
507
812
619
17
122
286
206
621
842
521
237
945
555
474
660
458
517
20
753
794
838
237
956
319
915
286
788
705
796
812
798
232
229
222
636
956
418
47
300
492
840
844
88
491
791
783
218
969
474
913
948
212
834
805
654
637
84
495
900
189
449
216
327
327
472
938
628
901
92
806
643
664
701
693
671
780
458
72
851
118
805
517
71
457
524
694
879
345
504
792
193
810
400
271
6
251
304
383
324
685
673
463
410
564
860
37
417
871
816
912
276
591
144
88
286
870
355
182
660
328
79
815
348
138
372
283
407
847
714
632
606
695
325
215
261
300
770
771
110
298
178
371
258
234
77
914
386
466
156
475
641
340
338
836
81
726
386
40
660
573
855
543
809
69
750
258
166
6
843
677
855
778
665
605
219
950
219
875
487
146
109
663
408
496
72
13
635
8
730
933
935
325
515
377
373
463
272
965
340
362
708
547
66
321
124
873
731
351
512
775
67
83
746
482
976
951
224
342
174
28
88
183
241
223
298
325
233
737
264
371
258
670
394
287
861
596
775
224
603
272
349
573
616
675
674
157
397
310
150
832
951
330
454
843
761
313
204
682
816
426
863
494
924
277
961
923
872
112
272
350
846
527
505
550
904
633
696
696
318
458
805
390
513
176
431
791
729
255
179
597
304
818
662
168
750
161
525
944
385
300
192
328
434
66
920
99
9
149
12
192
970
494
982
302
49
684
704
952
271
613
480
295
284
30
623
115
366
227
810
326
370
214
421
346
330
502
825
953
868
239
470
318
685
914
778
852
485
719
157
533
848
742
994
923
470
845
389
560
702
233
972
402
173
366
10
111
738
13
272
552
933
63
401
225
572
153
314
952
269
201
786
843
606
351
90
143
88
660
871
601
896
827
465
358
944
410
591
114
121
915
390
530
515
190
350
170
806
955
871
29
177
342
831
52
545
488
596
769
446
148
252
363
979
154
435
642
9
310
254
859
648
648
66
247
154
131
38
759
530
603
759
604
883
191
82
933
371
459
260
307
676
566
768
721
700
999
175
833
819
354
679
130
979
331
98
970
594
127
122
561
829
793
372
947
70
844
262
907
611
91
525
148
954
910
641
508
75
53
295
616
678
820
783
281
464
68
531
571
470
983
239
871
851
544
962
792
305
760
448
284
731
950
394
607
71
373
611
135
176
239
540
936
439
612
130
892
807
868
294
868
43
624
254
643
894
149
637
158
771
514
950
981
121
713
405
872
977
835
514
905
336
269
686
949
901
764
448
769
902
229
773
425
752
903
704
662
829
455
37
761
852
159
47
476
470
821
240
253
875
318
402
835
936
141
602
201
364
442
139
387
302
587
758
492
678
128
820
603
287
123
669
692
144
441
661
595
343
615
961
231
264
595
267
825
876
912
917
574
202
385
418
985
550
717
116
806
175
201
931
122
390
152
736
760
277
165
316
910
89
788
469
58
30
372
132
52
498
916
324
513
483
767
454
77
901
496
407
492
223
952
547
297
614
18
907
471
378
328
24
601
841
941
789
80
752
821
753
384
289
606
600
918
167
852
691
10
867
171
280
948
303
631
471
919
82
144
769
841
128
677
871
903
564
43
393
437
260
984
777
108
652
316
709
665
17
198
682
432
892
713
591
578
177
262
634
85
852
1000
424
475
47
490
570
47
838
317
539
690
481
284
143
445
344
503
138
782
779
219
905
29
733
341
324
101
666
545
761
895
647
683
290
368
87
924
875
61
312
285
18
116
440
765
690
860
309
841
863
602
480
173
583
629
499
651
914
953
294
672
607
85
602
630
71
675
869
459
310
570
384
69
257
295
909
384
754
745
273
534
481
100
982
396
247
332
746
462
148
60
797
832
390
898
720
751
656
228
504
602
310
858
142
91
830
1
416
964
327
563
552
281
501
756
324
442
560
634
515
881
135
973
371
158
365
159
877
189
475
67
292
647
709
818
775
685
318
728
403
439
111
407
704
572
177
377
843
238
754
87
938
306
289
206
498
404
853
76
582
200
923
199
18
650
470
662
522
616
395
399
69
75
875
351
163
137
287
81
548
29
422
75
791
972
835
65
661
247
587
643
386
488
147
159
441
931
373
546
903
59
667
649
662
802
454
979
746
829
740
423
260
4
977
447
312
385
900
605
91
539
583
940
132
369
456
154
672
420
744
492
941
203
621
192
203
32
439
705
826
376
617
485
941
834
651
763
529
606
487
39
636
330
453
47
953
608
854
981
984
951
368
749
446
444
916
494
78
925
693
433
657
340
900
210
192
812
561
380
387
479
5
78
250
998
409
764
791
360
755
868
451
992
831
931
570
717
147
334
991
574
844
436
847
213
45
961
426
547
251
51
344
759
517
365
557
285
958
70
173
949
396
462
675
143
662
661
821
162
492
316
262
255
20
631
735
155
18
68
975
548
266
23
601
251
739
899
920
61
62
903
319
491
100
321
271
230
520
581
691
375
764
909
505
426
915
301
724
94
946
977
525
960
465
46
289
91
904
884
10
898
718
110
836
179
302
816
309
577
645
333
127
634
112
218
132
5
300
581
655
592
474
611
761
120
614
839
929
903
895
918
178
331
595
37
907
926
864
319
458
847
953
179
890
808
885
129
381
629
106
467
367
518
387
880
395
910
366
270
541
452
541
954
838
976
932
219
454
504
846
760
943
487
557
360
445
854
918
122
890
462
406
736
594
152
905
283
617
778
170
17
648
210
109
470
618
985
940
388
299
682
540
384
947
683
219
808
882
746
705
7
287
411
901
922
640
748
928
495
112
468
971
675
902
256
619
637
651
177
436
975
408
348
103
705
289
687
793
768
708
698
340
392
575
366
609
991
637
974
299
425
497
389
946
218
766
479
824
611
378
235
759
544
83
653
305
799
762
761
503
928
336
547
705
833
748
64
189
984
970
67
431
677
671
591
114
619
131
381
568
842
996
594
535
20
426
524
394
397
491
286
296
74
652
11
937
473
506
360
338
959
625
744
949
206
730
243
536
246
527
576
747
668
293
927
163
9
954
406
476
572
772
181
321
780
985
708
660
588
998
603
935
438
591
681
847
582
98
973
232
625
86
652
921
800
579
74
870
106
618
974
125
542
650
264
787
955
86
843
660
765
662
540
162
463
481
258
23
401
906
414
13
857
790
537
443
501
313
76
127
580
580
260
330
153
663
387
716
688
28
849
959
380
612
858
409
10
155
277
558
905
81
169
650
675
46
424
701
860
762
273
932
162
344
854
90
779
766
24
687
954
644
208
242
16
280
15
652
953
449
985
661
623
319
940
905
243
983
344
956
812
572
490
828
167
846
828
838
666
469
647
327
17
689
668
582
271
27
342
138
938
221
146
539
552
933
450
94
478
865
697
735
929
469
732
642
516
544
822
56
665
109
677
793
23
340
683
117
453
375
449
298
710
735
761
711
618
606
268
572
943
537
429
286
738
732
218
235
823
47
829
745
562
874
123
209
214
78
203
793
668
899
543
801
816
882
389
594
440
503
649
681
569
151
686
884
722
924
376
638
915
430
581
637
84
916
60
43
859
315
539
788
119
268
952
366
744
770
977
830
387
841
489
841
455
124
343
367
257
233
144
691
761
358
915
97
587
298
908
213
255
949
444
859
931
681
714
447
78
819
635
693
169
56
824
592
509
359
96
860
168
240
205
968
447
941
670
235
31
756
812
379
931
871
768
4
588
876
665
506
733
275
638
521
145
248
564
220
804
170
55
256
406
954
208
212
801
902
169
209
403
142
632
818
362
436
725
512
570
606
261
429
246
242
121
578
678
542
690
141
979
25
218
472
866
60
242
70
1
772
780
566
632
763
194
517
81
719
80
837
361
885
960
927
8
258
335
323
372
593
253
246
850
484
813
480
259
656
335
597
586
105
707
16
213
899
604
372
542
586
467
383
422
732
628
909
140
724
603
72
202
877
273
465
854
465
909
40
271
163
214
693
817
362
829
666
357
836
773
170
191
915
132
782
891
277
784
414
398
810
39
824
957
387
392
368
216
943
627
877
727
205
122
116
608
88
817
68
152
252
689
278
290
776
6
404
363
841
915
846
441
442
31
943
555
141
725
799
124
8
903
272
196
360
606
526
286
525
98
586
802
691
254
922
123
436
598
525
253
618
757
999
56
764
750
922
143
335
449
355
772
121
914
583
588
230
578
508
298
233
766
950
609
163
328
699
30
899
124
663
588
847
266
737
695
857
479
872
436
279
872
803
88
437
422
985
943
652
642
251
217
435
189
450
150
914
953
655
536
80
767
577
582
30
857
374
271
98
189
278
203
893
31
136
174
183
739
10
430
814
909
190
311
241
717
894
114
991
673
9
331
679
661
463
689
973
486
82
819
632
556
893
190
999
322
275
52
850
607
367
323
769
719
548
632
218
812
503
470
867
421
488
484
425
546
884
77
484
910
423
878
929
997
840
399
807
513
516
290
29
319
294
955
327
48
448
131
112
123
561
194
278
437
834
197
537
579
280
203
205
872
429
365
864
535
427
621
818
689
566
399
917
171
685
938
284
796
94
401
901
751
506
968
409
549
69
445
421
310
659
840
157
177
311
442
316
74
583
4
656
771
618
779
126
128
3
992
120
299
429
908
584
752
196
18
890
933
887
852
953
387
817
983
309
96
633
880
295
670
705
364
316
69
834
166
727
662
199
608
129
940
832
132
152
67
704
187
690
711
968
122
356
63
361
144
592
793
752
366
377
92
707
113
871
128
610
318
96
390
479
112
545
905
923
59
896
782
739
880
3
298
709
472
735
600
20
523
721
637
550
304
612
733
761
190
386
72
248
160
82
410
476
139
77
797
840
525
489
297
920
228
444
195
710
647
855
957
3
263
14
802
41
530
474
7
613
490
24
69
853
309
416
867
174
879
662
613
53
915
539
202
193
107
813
55
301
81
23
988
939
831
408
173
56
293
342
292
655
368
939
693
251
510
767
848
849
113
536
55
974
33
483
415
878
756
699
245
968
696
784
352
180
152
703
999
692
99
346
660
491
31
48
385
849
196
485
268
555
800
804
484
31
730
868
701
245
72
572
184
178
850
821
924
404
196
840
366
957
858
467
572
477
301
505
10
498
626
568
916
685
279
822
970
427
464
607
129
744
942
665
882
437
223
894
99
988
835
954
133
276
335
609
243
518
671
298
199
562
19
955
976
173
450
875
664
485
891
495
192
251
320
370
26
75
429
279
78
677
478
806
212
331
422
260
213
135
594
175
467
480
294
676
708
606
91
372
964
957
136
491
702
220
774
583
466
890
564
754
143
553
943
313
397
608
886
254
255
868
351
417
672
817
676
658
112
856
926
579
924
963
71
267
705
505
943
234
487
930
255
353
541
16
525
494
884
481
200
673
870
486
777
235
522
517
742
846
529
170
64
895
813
976
721
241
269
832
68
196
411
118
408
895
541
407
885
400
566
733
44
25
390
933
1
622
228
207
420
621
541
114
49
146
127
518
644
7
8
432
459
371
265
98
876
158
896
139
138
235
529
920
461
191
787
276
342
351
500
683
730
615
150
137
408
676
932
11
359
442
788
926
505
955
103
275
763
188
669
975
289
718
403
591
823
45
791
99
27
527
873
848
96
665
705
200
62
646
616
343
92
659
582
599
819
553
779
738
827
971
502
846
405
490
993
805
692
855
692
19
376
290
611
183
602
109
943
377
850
755
903
481
272
980
711
259
529
909
837
613
304
802
2
213
61
166
976
840
652
575
19
60
70
84
455
724
895
81
536
202
410
164
676
163
77
653
419
2
576
340
264
383
304
829
364
931
775
640
167
856
606
254
384
89
953
143
519
433
407
567
582
553
226
933
6
245
230
125
926
837
455
846
640
34
801
490
156
15
538
927
742
974
252
633
615
134
756
606
944
602
532
302
702
409
817
909
127
337
131
968
159
957
247
671
426
877
748
779
442
90
151
798
759
973
940
670
640
922
655
104
33
153
889
354
881
712
466
557
466
990
303
733
68
951
91
295
781
954
901
646
67
479
740
897
614
359
317
112
848
218
768
674
484
788
718
301
169
415
772
271
435
409
506
585
184
79
237
803
80
804
966
584
135
320
13
808
51
187
191
452
295
62
863
264
263
697
3
983
837
945
745
281
195
850
401
69
96
833
512
492
585
711
234
765
576
76
818
624
311
364
379
40
630
182
65
562
588
24
175
444
1
283
814
279
737
649
890
903
187
462
208
355
458
276
268
953
880
202
86
378
577
899
536
77
175
950
921
155
415
182
723
832
806
201
777
828
653
538
26
330
251
54
693
982
783
721
77
4
617
436
199
782
73
436
131
486
621
785
676
991
287
472
105
996
431
439
678
514
203
641
189
819
334
654
582
979
959
918
353
673
990
699
756
8
915
558
859
363
799
278
653
770
884
172
726
17
677
989
227
639
849
103
710
740
200
160
47
600
435
701
585
874
544
530
501
298
6
730
732
788
206
747
261
651
495
759
509
904
874
190
944
115
830
990
747
958
285
245
354
302
950
373
892
313
712
861
154
637
373
667
664
281
405
487
280
928
70
50
871
445
103
761
763
745
72
591
327
64
121
945
665
672
823
269
750
728
449
170
879
291
156
499
254
182
735
152
187
322
786
305
693
205
888
825
96
135
503
771
645
688
818
107
180
620
998
719
475
491
723
584
583
401
518
279
964
921
443
864
733
298
727
907
448
482
121
683
155
639
725
43
50
339
875
40
817
401
528
575
103
745
542
531
383
343
285
773
188
108
496
476
629
321
645
686
674
871
473
871
425
455
117
267
894
289
421
430
604
940
707
817
78
756
891
250
812
70
793
738
363
909
311
683
727
46
495
595
77
20
623
159
222
441
698
982
811
4
890
411
559
654
399
623
774
882
966
752
493
913
61
519
56
753
12
905
697
631
656
387
385
637
766
733
400
185
33
199
342
122
518
168
686
952
473
194
552
2
492
1000
170
64
925
418
179
760
22
957
972
24
655
523
606
723
980
843
920
159
851
26
744
208
358
8
93
96
441
212
698
986
627
695
341
939
931
570
655
515
265
674
728
464
116
920
858
556
917
707
650
628
743
919
404
430
763
746
122
188
971
18
115
682
227
129
490
369
153
191
874
542
949
345
777
418
524
673
719
335
334
280
406
737
527
204
858
202
537
780
333
252
120
17
877
22
779
649
999
994
569
987
628
161
665
815
373
546
216
500
371
62
854
398
487
846
84
497
487
826
763
483
412
629
468
424
378
707
655
738
230
60
8
349
455
970
944
290
192
370
842
601
569
305
923
90
410
986
482
508
345
872
748
122
903
153
157
905
38
207
626
407
854
381
678
456
17
801
494
891
293
905
687
688
14
26
174
644
272
689
370
364
249
238
30
723
580
145
258
773
719
647
310
963
107
544
152
22
164
723
628
543
828
240
903
467
70
913
901
150
671
576
580
626
913
340
458
27
638
47
172
848
21
53
248
263
129
411
321
411
225
945
13
215
434
330
117
514
589
256
831
897
6
519
831
264
556
145
319
91
495
858
374
438
830
867
915
722
832
272
274
547
589
83
111
521
270
431
569
618
551
945
450
34
525
433
717
424
106
326
283
721
322
361
461
394
638
544
99
768
176
982
478
564
953
792
984
796
241
798
795
113
582
71
924
295
801
189
429
970
617
289
118
17
559
808
157
999
464
787
498
378
667
725
16
943
784
664
423
765
930
638
399
84
185
835
725
81
847
138
81
144
201
387
23
616
867
13
730
343
923
237
252
667
81
507
46
820
858
704
295
897
875
814
773
128
674
792
317
936
687
3
869
916
230
550
128
471
585
174
383
835
134
859
64
812
651
631
55
943
395
444
712
483
960
561
936
815
533
203
266
278
430
726
979
901
624
190
142
674
148
945
55
877
514
973
886
769
904
880
55
299
110
190
985
85
771
836
233
631
580
220
110
309
66
98
184
734
153
921
525
262
390
921
933
941
548
798
602
491
513
457
647
662
51
231
970
289
880
441
736
668
459
678
263
933
478
869
978
663
751
437
368
31
403
588
552
626
603
921
436
409
147
585
329
139
619
900
419
842
228
4
78
362
137
209
191
491
691
126
823
777
849
541
652
941
453
923
524
466
215
991
382
741
394
522
682
869
109
535
771
147
10
144
876
716
326
284
173
565
630
173
690
64
276
969
167
561
470
861
164
980
791
51
222
187
651
503
321
92
631
516
282
230
247
392
809
322
404
489
927
340
354
275
823
759
68
545
439
866
1000
478
869
930
642
642
37
2
569
20
500
848
452
699
917
943
962
740
186
921
498
687
256
226
69
912
349
241
103
389
958
980
908
43
435
397
644
326
703
190
694
518
967
298
769
232
516
419
811
991
686
175
514
613
431
1000
213
134
609
740
542
425
279
660
105
233
120
946
822
255
121
839
727
12
278
579
923
301
176
351
468
680
418
615
226
157
361
498
409
360
362
53
284
518
34
529
828
689
969
681
948
862
189
358
689
198
464
456
628
531
687
988
491
616
676
768
472
228
645
719
676
586
628
196
198
427
105
731
415
326
895
823
92
744
323
130
664
13
314
52
330
882
793
782
575
833
503
285
482
162
623
438
796
325
362
191
469
602
186
987
321
226
269
982
431
710
963
496
653
118
822
520
26
135
965
424
321
33
375
6
600
997
79
995
228
719
328
697
322
911
41
864
903
897
399
401
47
549
467
786
723
4
719
182
84
343
531
901
931
394
199
480
314
862
43
825
355
904
223
497
770
584
678
4
372
199
558
73
487
768
414
192
61
423
763
555
985
773
848
472
161
325
599
870
667
713
112
499
82
941
289
446
374
518
996
557
953
629
965
46
880
453
394
441
888
781
938
857
555
943
213
584
406
943
7
35
45
259
177
796
297
194
2
841
949
831
161
688
517
66
271
933
142
839
9
297
592
346
723
496
583
347
136
143
18
674
940
709
444
64
781
541
92
737
981
164
410
61
125
695
984
950
500
323
205
650
375
871
267
543
716
415
741
103
665
771
922
314
151
408
537
583
857
813
864
559
117
221
806
725
265
181
697
744
786
19
811
895
74
870
843
500
961
618
280
756
979
286
666
896
751
300
691
472
752
395
898
889
878
360
360
515
583
22
347
698
156
836
618
505
522
699
350
923
889
433
772
361
280
790
428
262
959
971
815
867
175
369
18
701
430
341
813
268
809
761
67
345
177
899
290
411
438
572
428
984
803
330
491
739
995
560
148
302
6
919
25
565
483
715
117
925
299
526
835
953
716
912
332
359
834
142
11
501
409
37
152
507
229
212
231
662
40
161
140
144
256
675
759
698
659
584
924
37
29
676
502
769
527
881
199
385
739
235
543
27
901
364
741
337
10
32
802
131
57
736
601
149
453
916
711
366
86
161
204
440
83
12
7
609
829
408
565
177
733
188
810
28
619
804
58
662
761
778
350
855
392
138
395
494
747
444
423
958
412
883
854
227
179
228
789
582
419
675
143
998
599
125
929
666
175
375
481
955
880
138
548
167
214
444
212
486
667
623
172
217
400
598
240
11
954
752
876
585
586
314
949
590
892
719
312
431
897
747
546
368
673
426
824
255
639
789
177
963
583
174
883
244
378
105
829
844
187
99
764
906
803
900
539
626
210
960
761
988
611
554
275
805
801
118
284
872
89
531
893
682
371
669
493
217
264
19
813
937
204
349
333
224
856
125
4
883
936
403
93
8
593
387
308
921
634
73
428
35
595
84
911
952
214
310
695
811
886
802
783
780
379
459
846
404
848
818
768
725
913
773
980
246
791
860
987
11
243
91
959
200
282
851
759
835
597
697
575
483
884
685
817
383
316
708
80
42
583
520
47
384
331
845
709
9
184
72
894
1000
160
506
158
428
197
574
215
654
961
458
579
628
828
150
672
633
270
220
695
964
373
467
151
733
809
679
103
462
684
647
259
814
355
841
499
534
340
194
803
450
967
870
526
790
132
790
399
163
481
245
301
925
152
648
400
108
52
579
117
489
76
278
688
701
831
890
177
81
936
238
655
219
397
548
666
130
692
890
707
64
944
920
976
168
52
393
131
848
892
395
44
389
801
152
26
462
225
27
348
146
329
590
398
579
894
313
485
600
85
641
408
143
326
731
820
253
703
260
838
993
10
805
55
571
638
200
187
409
225
932
677
167
711
675
710
422
725
528
749
125
802
828
682
789
802
186
594
292
963
396
487
513
250
182
1000
12
506
142
525
21
232
850
865
254
841
964
84
247
750
773
26
782
169
719
425
400
115
957
322
793
127
903
568
308
781
879
855
593
121
816
651
456
699
693
422
187
335
416
711
25
302
184
701
494
724
402
615
158
955
539
192
969
873
952
556
421
577
708
456
440
925
321
75
210
691
697
511
24
580
260
505
462
870
401
160
813
165
712
981
248
114
646
844
870
800
915
937
438
390
625
537
379
983
529
6
982
764
412
117
358
163
583
437
245
724
425
373
622
693
751
263
281
990
453
432
46
455
690
708
795
801
911
974
958
878
752
64
556
828
102
59
919
909
819
623
529
60
121
953
960
52
656
541
311
821
611
755
133
794
30
429
437
488
295
40
610
624
842
704
760
598
535
347
638
72
529
220
427
586
688
135
185
813
535
675
885
24
865
542
797
541
121
276
547
660
449
90
548
253
816
79
814
834
787
593
55
778
25
624
147
705
540
646
911
307
799
381
303
768
878
421
71
959
174
431
84
823
581
881
117
511
428
943
426
646
706
914
588
661
441
293
636
971
691
358
912
761
751
692
250
259
128
783
288
896
924
665
843
251
306
803
482
792
442
220
166
126
568
325
421
814
402
953
480
939
462
90
826
976
195
297
728
401
702
949
929
653
752
970
877
707
585
22
405
837
2
207
977
698
160
690
971
420
36
85
827
961
597
403
782
179
983
580
666
858
279
489
518
12
64
380
827
334
958
239
163
33
329
605
505
132
216
820
355
731
555
563
166
122
568
210
879
846
107
483
981
546
853
629
801
88
827
320
655
317
741
541
152
857
839
553
395
222
749
287
306
64
458
311
305
560
690
288
183
736
808
631
655
765
880
826
70
180
271
883
937
645
851
342
601
214
600
958
226
998
144
939
932
277
252
977
124
493
72
958
201
400
146
143
90
45
971
941
765
807
772
460
363
761
755
475
437
214
301
69
806
277
718
758
868
89
532
252
219
791
195
568
253
794
970
554
42
704
973
103
473
437
988
36
831
395
405
730
179
281
796
224
363
993
707
916
13
323
817
699
260
511
840
421
339
336
594
581
636
957
842
192
14
466
303
367
244
690
952
929
571
745
142
132
315
809
147
211
37
46
398
287
674
848
477
711
8
314
444
97
959
569
111
495
180
619
53
691
538
127
108
359
904
265
549
731
507
156
620
41
984
950
793
874
129
116
46
233
439
628
921
259
982
148
656
360
327
858
102
87
191
286
406
834
151
310
155
240
990
843
761
770
941
320
994
483
957
125
106
171
387
8
498
50
108
70
590
64
534
233
332
45
380
271
358
967
320
58
402
13
182
21
871
871
901
313
311
491
844
880
791
510
611
442
449
419
131
409
578
740
486
106
222
219
126
695
311
141
308
928
427
73
969
634
182
399
381
384
695
819
509
145
38
422
615
464
208
94
313
885
327
757
27
397
712
426
297
990
23
354
611
268
439
366
350
644
42
260
208
767
93
301
838
23
972
264
9
563
65
258
956
404
120
820
534
194
433
607
857
351
341
873
334
268
827
536
132
764
520
437
406
682
469
160
546
732
787
517
569
555
898
96
177
600
785
613
562
278
490
975
478
977
539
269
450
359
895
384
951
71
731
670
806
523
810
741
841
599
11
562
426
98
666
278
734
697
191
807
860
412
648
665
289
123
609
294
444
266
666
181
993
915
198
523
807
824
684
935
543
714
939
394
797
12
415
606
240
925
844
271
676
832
236
672
962
163
471
956
712
72
305
300
762
605
464
351
902
839
917
962
572
654
486
839
566
91
265
62
409
145
350
576
826
618
559
96
450
93
376
893
630
948
649
627
313
270
639
184
545
428
636
78
208
620
286
452
257
179
353
35
897
964
456
327
855
414
254
541
728
891
905
234
821
427
630
695
115
394
617
833
257
757
615
223
599
259
352
452
616
484
909
847
768
988
694
435
91
952
939
329
350
441
119
636
361
473
922
310
206
948
688
396
425
888
371
273
847
346
686
854
358
276
908
37
922
637
819
747
338
209
490
179
828
570
203
87
43
273
961
891
765
516
300
682
119
726
157
795
492
472
567
225
694
782
580
399
791
958
73
848
470
81
47
283
399
32
289
653
819
25
873
245
790
906
549
223
619
399
934
943
179
409
633
579
319
931
48
215
191
642
925
985
4
100
371
459
364
822
857
487
70
968
670
539
712
105
274
520
621
712
611
9
549
968
851
953
325
150
36
409
134
477
117
756
421
513
10
828
585
965
189
747
928
664
451
259
117
85
970
1
536
544
276
528
304
964
35
214
173
77
302
339
874
848
242
348
529
124
48
306
381
957
599
518
478
966
512
307
359
566
369
759
920
62
526
223
98
761
854
4
341
344
722
277
535
478
568
134
185
964
336
456
783
318
693
178
508
251
122
145
150
516
877
639
212
993
500
627
331
18
914
185
982
173
556
265
572
619
498
988
679
790
528
712
276
111
408
146
361
62
265
118
542
528
742
69
461
403
732
671
89
987
778
202
387
706
525
830
529
871
401
543
974
478
834
256
276
324
311
230
313
629
33
643
25
161
919
33
291
516
13
555
81
923
922
433
809
677
597
698
617
354
64
591
322
169
986
301
113
203
964
711
620
113
679
541
86
177
17
431
935
155
525
733
696
732
700
88
19
687
827
262
722
456
860
694
927
848
468
878
27
679
896
110
217
962
361
601
739
201
897
825
419
360
422
317
320
770
770
280
418
474
930
403
137
403
308
854
919
993
836
364
513
647
883
235
377
971
337
408
654
665
772
344
367
249
377
115
293
809
185
262
113
25
306
9
484
974
999
135
320
229
504
32
224
445
6
913
755
798
181
785
967
94
371
445
718
73
517
604
285
780
825
621
839
160
680
156
119
241
326
124
543
130
505
89
877
9
841
845
96
437
795
587
100
474
445
816
795
11
379
58
125
929
420
980
142
824
185
779
51
17
8
695
90
688
602
926
835
539
341
526
895
954
262
5
469
23
977
280
654
290
625
695
397
893
10
305
169
675
217
71
583
923
99
543
491
131
374
255
767
537
835
787
107
367
595
321
573
160
401
179
924
717
210
775
646
324
460
477
433
467
846
156
785
636
912
887
802
322
527
497
50
841
385
477
937
690
392
539
383
610
997
104
819
271
348
510
219
210
214
967
109
54
897
786
592
186
46
706
162
484
248
471
164
881
655
721
399
903
929
864
624
704
203
712
92
330
16
553
431
568
254
751
401
68
267
331
631
786
200
813
458
963
557
36
326
983
37
329
3
175
545
150
140
416
637
874
922
365
975
59
701
782
658
34
157
690
863
374
492
982
179
783
356
726
907
267
42
761
414
605
568
985
321
754
352
356
719
711
892
911
757
289
289
57
93
545
805
881
150
910
116
32
294
19
970
859
467
458
889
191
350
260
513
230
778
168
405
356
523
715
161
340
886
413
921
762
781
654
262
323
112
520
627
292
850
105
336
238
633
140
138
771
247
517
676
844
619
212
748
528
386
480
16
234
275
177
165
951
419
483
135
577
240
207
356
366
505
677
442
101
231
373
382
807
931
964
680
314
23
468
786
38
125
725
288
246
352
351
393
897
946
923
762
51
856
457
989
683
632
866
833
629
521
796
583
333
412
616
795
47
422
822
470
985
474
626
106
537
281
266
559
203
771
212
91
181
96
468
899
668
817
582
306
56
575
755
849
36
253
57
541
744
889
38
854
16
653
489
511
27
327
715
372
4
596
933
501
239
443
813
77
375
700
496
889
992
789
120
728
452
883
228
338
502
736
33
926
912
237
174
790
974
16
971
54
89
774
349
952
201
155
232
314
96
10
608
719
132
590
801
973
272
755
195
138
535
513
825
662
834
140
508
662
985
207
36
346
772
516
159
374
463
271
950
475
766
92
616
575
29
399
331
851
134
489
326
681
283
816
837
778
219
733
573
94
407
439
622
327
208
560
105
961
764
173
262
494
428
570
418
700
168
485
698
106
180
385
269
890
476
419
243
34
417
928
83
930
247
197
345
623
401
744
762
227
914
15
901
460
992
431
295
287
81
175
188
195
916
379
461
94
504
408
21
230
111
41
953
618
281
776
999
109
387
320
868
759
221
518
972
899
306
899
947
540
61
549
334
504
986
56
184
54
15
821
542
387
430
986
430
669
761
161
877
505
388
710
287
176
152
592
663
202
493
60
71
566
131
536
393
395
697
687
863
731
708
557
217
362
681
266
699
835
513
823
740
449
985
189
921
653
663
90
219
565
919
624
97
225
141
100
27
491
804
808
426
167
187
871
280
937
491
456
180
620
450
302
508
999
813
320
320
144
284
492
837
296
282
241
968
895
777
266
975
455
100
532
455
125
27
983
7
42
322
799
329
429
235
52
386
643
972
207
42
905
329
846
460
454
940
105
532
545
742
958
23
731
384
723
531
284
43
370
909
583
831
78
684
600
815
449
813
943
763
424
274
111
750
773
740
461
825
51
938
164
868
449
40
492
894
493
398
982
477
555
754
18
720
362
457
120
465
684
612
541
629
529
915
776
637
522
878
289
167
344
163
34
341
701
382
636
961
756
683
23
2
419
864
216
337
354
608
5
699
201
350
569
774
19
17
893
838
915
463
278
243
50
703
788
649
107
546
411
124
453
336
407
696
673
56
785
912
661
457
415
715
42
471
839
405
161
125
263
783
911
250
77
192
214
220
325
584
283
866
676
741
907
138
998
782
525
943
435
900
199
940
467
714
453
468
89
738
90
98
876
851
314
408
935
682
753
510
832
745
695
80
508
484
66
149
335
15
134
651
429
142
225
983
174
638
242
616
903
152
956
185
847
110
38
755
476
26
379
66
555
616
643
490
175
109
778
272
51
71
350
978
631
171
724
467
383
228
637
379
203
693
37
654
659
545
960
704
618
634
613
937
750
498
611
464
109
900
554
206
697
607
490
579
795
391
414
672
76
130
464
550
74
86
745
457
451
56
378
704
334
712
909
94
880
552
454
556
736
6
87
524
709
585
937
476
796
935
487
342
497
458
662
876
189
707
305
373
623
112
356
507
228
49
891
802
461
307
552
851
740
362
297
790
771
180
807
600
220
714
740
89
491
183
930
347
60
299
54
105
60
232
29
780
305
347
966
63
192
931
921
895
959
828
371
25
458
659
754
918
515
895
34
300
300
13
417
908
300
582
921
509
674
708
381
650
290
193
674
928
125
954
378
975
526
168
579
701
463
728
516
934
196
259
21
817
453
469
391
929
954
716
355
319
843
141
920
829
912
603
857
232
573
238
795
928
104
502
866
939
427
844
394
76
473
233
47
668
69
722
237
617
583
454
799
769
81
603
717
638
935
255
686
77
423
954
246
113
377
135
508
852
741
95
310
323
16
461
257
469
289
553
121
345
218
652
132
138
299
333
388
377
46
490
434
10
735
236
941
374
520
512
842
327
17
906
61
517
791
27
683
591
285
568
237
575
785
321
207
772
523
573
418
499
420
414
539
674
137
276
950
576
782
635
516
920
82
280
601
784
724
789
878
343
672
212
391
837
729
137
5
794
967
346
485
960
822
308
620
50
995
197
972
171
778
641
742
318
849
186
254
669
163
808
775
156
940
207
28
29
261
428
244
42
817
752
137
942
848
590
194
97
198
652
23
849
308
980
618
836
993
417
691
173
900
504
509
585
781
557
816
748
622
895
424
340
205
928
980
410
639
38
673
619
51
778
461
885
269
749
100
762
694
397
876
611
842
238
144
50
783
805
294
270
464
366
243
801
120
849
199
994
530
150
84
866
530
962
775
701
915
630
967
288
384
406
383
380
700
917
976
965
301
856
584
619
688
217
335
281
14
273
968
582
202
380
348
68
993
504
667
105
126
641
97
929
102
130
332
645
513
845
761
789
226
129
554
910
790
936
165
797
687
54
361
612
822
695
504
339
43
936
619
477
958
409
332
822
792
597
125
391
413
608
931
571
210
858
93
296
579
856
887
712
115
268
396
567
764
985
395
442
360
949
257
912
920
341
958
441
216
419
710
260
404
261
85
581
459
311
59
60
741
448
196
891
726
784
722
267
615
371
740
279
123
743
297
424
928
732
425
389
457
802
486
238
567
632
82
973
610
863
455
286
602
91
634
258
81
249
944
393
876
980
146
995
460
677
653
476
239
482
194
472
534
222
397
302
562
851
115
779
600
489
934
94
982
689
82
399
991
490
423
720
703
268
591
570
194
411
438
126
931
662
324
6
927
809
172
193
289
224
836
303
43
263
380
437
688
484
315
334
872
135
563
488
628
519
448
64
325
412
533
469
404
27
33
554
184
375
998
585
700
278
443
589
12
499
620
444
700
69
824
559
789
173
642
169
999
350
666
893
826
492
880
238
140
246
952
940
650
357
347
469
926
437
991
968
273
779
853
390
719
454
958
58
435
954
485
325
970
966
868
9
699
759
382
651
153
983
872
873
142
531
43
600
442
693
111
263
320
645
549
895
92
663
265
921
795
717
687
595
591
754
448
718
95
540
383
130
944
681
436
828
477
341
849
356
680
342
99
108
555
925
223
221
116
777
244
258
867
331
950
370
74
346
647
535
569
563
557
801
972
199
54
101
144
800
709
673
171
38
37
728
237
252
404
922
528
369
886
206
595
931
661
961
593
964
570
659
777
412
68
973
235
784
401
935
77
644
315
401
969
249
507
893
659
974
463
858
317
677
677
376
904
166
719
665
239
944
838
339
811
345
406
56
870
165
644
785
324
604
788
156
524
740
202
591
145
326
461
743
95
803
717
765
919
971
108
893
609
574
445
114
937
987
239
759
988
278
938
305
48
593
310
824
859
758
196
721
932
989
310
174
843
515
792
503
347
743
408
885
309
352
365
179
518
579
607
94
430
247
755
740
260
90
935
574
140
775
751
576
425
51
979
629
886
379
298
710
534
577
8
314
499
119
945
750
715
531
545
582
539
314
900
361
755
671
692
765
275
255
31
210
916
547
916
327
160
359
417
30
875
677
588
599
952
957
288
700
15
84
882
403
161
103
251
47
611
845
259
795
267
28
363
14
369
109
801
746
833
512
107
811
380
211
60
765
878
872
677
672
977
945
69
621
384
631
222
93
751
382
252
545
805
54
202
743
197
313
762
621
997
289
298
457
119
826
2
369
73
252
668
369
92
277
843
865
842
957
112
521
764
248
572
713
560
937
30
344
603
261
877
919
135
341
561
913
645
226
376
709
969
544
676
588
935
622
950
81
313
925
795
155
314
387
122
810
630
789
659
716
126
515
454
9
749
874
956
686
903
547
842
958
808
346
558
215
248
285
832
134
105
308
442
304
68
89
31
424
74
118
85
108
597
221
520
759
740
443
805
297
976
976
223
118
420
209
991
533
568
90
394
975
955
964
911
67
233
664
734
145
214
931
676
896
326
235
117
471
210
375
610
189
833
217
557
833
632
379
819
47
985
26
896
676
729
663
773
637
953
83
742
824
273
651
199
287
218
791
971
919
829
166
497
290
772
458
509
510
994
680
224
117
537
555
166
78
113
863
367
295
194
976
346
188
32
341
583
567
568
842
370
84
381
532
479
522
997
109
526
433
731
932
953
911
510
977
699
963
761
695
503
813
896
960
55
110
30
890
120
803
312
448
474
477
351
483
864
531
885
445
383
784
159
892
755
36
547
41
372
768
791
570
154
442
703
598
8
490
422
460
654
488
319
373
378
877
9
569
372
378
932
71
682
265
682
276
483
980
15
740
303
574
119
987
498
304
790
227
196
6
701
681
31
411
549
176
622
217
809
340
508
647
4
124
394
770
780
301
865
42
737
80
953
394
144
505
630
836
158
753
994
936
320
53
610
654
800
94
336
539
592
640
600
602
86
689
450
910
805
63
759
217
906
575
955
792
179
18
726
30
257
831
577
308
286
667
706
423
249
63
338
994
7
694
379
909
962
938
775
102
829
3
53
182
272
607
125
915
176
121
714
373
134
298
813
736
502
11
490
32
714
362
769
944
325
875
159
539
33
402
137
345
524
413
304
719
427
81
28
829
118
823
958
278
559
815
466
925
431
957
913
236
999
86
743
601
844
343
350
340
962
207
243
321
403
384
915
323
489
939
823
190
348
991
695
973
495
95
974
462
522
385
673
874
163
362
289
588
310
49
228
297
932
840
237
803
59
308
294
683
173
363
875
965
220
2
61
422
833
478
716
918
495
548
42
500
49
855
400
815
289
421
437
581
900
131
228
703
235
663
241
949
918
687
207
741
237
269
430
149
22
41
971
930
450
964
336
819
418
231
621
843
335
997
179
478
956
208
867
785
485
921
513
791
378
380
219
685
423
394
357
401
579
70
320
803
626
767
201
859
511
98
26
136
788
599
115
425
806
506
295
676
985
9
561
717
377
194
14
623
295
427
464
465
676
67
874
380
947
893
111
130
280
125
27
405
437
97
263
268
27
254
610
698
868
781
105
677
319
939
907
25
181
329
914
515
515
927
190
463
898
282
840
763
250
405
586
328
903
637
312
727
704
897
961
419
812
731
157
330
9
274
338
647
879
84
192
550
547
692
20
148
911
674
608
610
792
330
922
856
58
677
943
915
813
976
372
732
190
688
428
864
801
456
226
760
668
933
775
628
746
63
293
524
75
204
82
315
463
171
862
130
54
149
405
682
304
751
732
692
389
922
988
275
192
71
523
805
282
889
310
911
387
797
159
832
84
136
144
732
132
699
901
654
260
254
25
673
226
467
885
209
272
25
601
312
242
740
816
94
515
675
295
810
472
352
699
132
292
70
21
750
258
111
940
336
35
92
109
666
794
256
290
704
877
438
810
933
464
454
922
224
34
885
658
114
419
975
508
401
408
469
325
274
581
97
329
517
124
778
620
400
112
800
191
173
803
228
222
176
543
388
73
631
337
151
53
775
894
612
441
513
805
405
219
803
698
2
809
231
445
141
653
42
421
444
832
893
643
214
227
16
747
198
876
911
254
25
715
232
605
101
411
194
773
716
446
681
834
187
231
531
585
4
883
363
354
360
146
652
120
766
173
123
844
644
241
125
177
117
543
50
310
602
455
903
482
577
562
539
452
752
494
23
684
467
968
979
763
760
625
813
581
424
350
390
324
731
173
992
916
210
12
877
202
157
20
207
394
987
373
88
203
543
230
287
724
812
162
754
149
220
951
525
926
154
804
661
92
69
907
665
186
575
171
776
567
817
100
834
112
137
327
693
436
185
726
260
545
231
205
416
626
358
217
733
565
582
120
765
742
327
539
686
781
366
354
924
517
205
224
551
270
143
970
255
190
455
760
137
86
459
631
891
954
660
76
253
513
628
707
782
856
856
813
938
784
685
232
507
832
324
182
226
941
833
952
918
989
662
645
642
858
893
160
173
293
130
47
930
348
8
791
342
337
836
173
877
766
498
53
569
882
512
462
152
909
442
290
467
560
658
99
873
179
688
711
818
426
79
104
942
419
765
91
132
30
943
753
553
353
755
477
265
299
884
40
457
748
24
857
542
620
532
242
940
422
390
733
127
922
962
737
761
976
102
153
908
766
979
131
857
275
805
118
355
330
340
608
176
149
58
916
43
455
443
432
572
162
161
678
790
199
740
152
423
251
45
877
222
870
874
121
365
315
643
968
225
501
823
848
42
291
639
953
232
436
315
297
301
934
929
975
174
48
120
323
768
765
858
255
932
717
576
327
563
922
199
248
448
176
188
472
917
782
881
217
702
577
462
427
853
46
873
414
170
435
804
226
453
628
858
114
170
541
615
246
616
104
114
483
713
745
986
802
561
665
78
797
885
495
447
365
562
991
461
676
129
737
476
286
393
764
6
391
301
569
895
318
995
498
437
668
578
8
310
359
449
821
799
558
800
945
559
859
81
871
905
209
636
239
821
879
428
547
291
672
624
365
828
228
949
133
873
80
533
975
569
458
825
880
866
729
5
508
419
100
643
814
765
588
893
1
977
519
894
385
617
773
427
697
721
67
139
437
536
787
445
247
87
65
542
861
773
460
974
445
44
261
700
33
780
988
733
978
717
556
420
874
146
275
342
246
647
48
35
938
152
959
387
860
844
100
162
136
542
823
366
133
531
167
361
829
975
323
750
571
559
620
433
250
470
201
774
35
926
946
559
365
834
730
907
880
597
417
751
56
202
860
828
422
670
867
217
460
195
56
7
529
58
165
228
539
71
888
648
879
420
406
229
728
295
627
740
114
798
471
84
128
637
930
68
239
41
800
277
813
40
752
721
440
588
777
128
344
344
18
964
645
131
6
610
915
312
190
940
376
731
47
99
921
87
405
807
536
607
589
330
627
359
854
212
651
918
335
939
391
938
130
345
611
438
504
493
693
881
107
689
897
763
626
659
524
345
222
580
447
23
448
905
58
794
325
30
93
508
678
896
281
28
206
353
218
341
670
713
34
330
27
877
188
159
641
362
905
119
123
4
277
300
28
640
916
716
320
30
599
860
388
40
254
175
942
57
683
225
70
13
458
293
760
26
736
775
923
312
825
314
46
435
825
711
127
152
466
283
407
744
430
924
562
515
426
144
512
998
863
498
531
57
226
552
672
614
488
209
495
396
878
827
426
355
227
986
509
366
114
4
65
415
931
367
980
651
575
366
570
974
463
36
507
434
435
230
789
258
540
281
771
496
496
911
224
892
894
878
230
534
805
631
565
628
688
910
915
470
117
169
939
474
889
918
455
949
717
721
420
495
698
125
663
978
1
740
446
799
785
41
177
291
54
910
198
723
216
139
937
840
234
938
21
131
543
85
632
937
165
465
549
988
234
99
449
444
739
912
890
686
613
983
964
65
996
725
304
186
86
399
488
203
739
462
983
278
896
858
183
590
985
427
325
767
136
830
81
815
215
413
464
131
120
130
313
676
289
240
300
483
957
855
431
213
120
527
353
383
115
14
310
838
706
298
859
966
470
602
542
967
514
808
243
696
713
332
13
375
467
713
936
183
794
993
69
196
641
793
143
791
539
574
505
62
688
914
947
374
623
596
597
803
894
542
219
393
303
784
806
120
412
211
364
523
691
9
971
795
279
59
396
144
940
317
434
68
771
325
285
974
287
600
565
270
849
660
627
501
812
970
485
150
97
121
916
857
118
200
745
116
555
948
184
702
831
578
273
322
820
956
989
163
42
779
252
91
766
278
505
978
217
619
558
673
273
640
51
834
37
701
287
330
898
231
552
431
444
937
728
9
159
404
817
295
814
251
508
694
517
523
661
910
722
578
397
113
522
89
973
90
64
654
596
678
911
209
979
922
27
345
162
786
892
721
438
195
815
167
378
351
892
478
336
954
158
326
697
633
797
197
825
830
836
119
831
897
536
401
378
243
605
300
847
674
866
43
234
812
45
300
678
519
425
406
23
891
124
165
778
161
1000
603
310
413
147
224
390
401
58
710
858
871
885
417
806
510
927
26
577
385
616
625
409
572
23
317
245
693
134
131
934
412
244
882
903
248
321
264
171
803
129
84
644
753
144
742
122
543
865
113
657
363
742
286
12
211
910
110
504
792
895
643
465
641
44
736
13
345
177
438
648
460
730
614
990
475
579
298
176
329
884
897
698
700
41
318
193
383
903
644
452
524
668
354
675
585
485
443
268
212
670
290
307
22
824
723
135
15
334
698
239
171
951
471
495
646
729
360
104
500
520
244
960
151
115
240
369
169
419
980
206
876
494
550
452
59
561
525
808
773
733
230
141
833
829
701
790
429
487
45
115
457
581
806
172
676
392
149
15
478
419
111
385
914
495
573
97
826
867
21
702
685
595
24
168
544
415
596
7
2
209
480
952
260
426
715
417
655
721
408
393
59
990
269
11
373
400
554
166
904
549
693
351
564
237
172
352
573
249
187
310
191
384
721
195
813
147
848
267
442
706
263
657
218
832
984
452
337
787
93
648
214
214
615
862
240
773
367
645
294
823
681
130
476
219
511
451
611
224
363
539
414
384
64
190
54
970
118
455
572
883
693
218
253
776
529
398
445
868
528
156
74
802
492
784
107
473
914
691
64
960
860
756
748
436
292
568
890
364
650
254
409
998
235
70
582
570
264
567
760
951
382
12
718
763
80
335
384
903
473
100
884
900
54
680
512
577
201
918
514
408
792
483
614
983
830
274
727
579
812
655
821
330
343
600
32
813
90
372
917
896
651
490
246
15
281
430
447
732
123
6
203
582
554
782
840
627
188
401
451
871
637
783
17
604
804
885
92
62
352
592
590
944
841
297
272
224
371
263
117
282
894
939
644
261
867
948
916
618
442
838
782
806
119
290
458
522
556
213
864
781
313
736
849
699
863
216
165
141
908
723
648
208
637
814
887
340
974
145
708
850
686
609
144
395
751
578
647
429
992
770
109
58
268
784
555
471
436
642
193
9
505
879
422
892
254
563
61
588
89
920
147
973
472
842
256
968
887
446
669
21
707
357
293
459
264
435
999
443
523
17
969
222
832
961
704
635
896
994
937
886
662
250
183
690
220
187
657
645
88
881
2
988
197
61
129
500
465
975
272
295
752
603
412
752
635
678
243
577
107
730
626
16
539
559
375
401
202
131
437
225
462
789
943
152
441
989
610
955
128
1000
348
822
531
978
632
885
405
942
937
154
6
765
761
853
886
798
360
677
6
533
382
377
287
1000
797
536
890
949
932
864
196
509
952
500
406
972
296
949
336
456
785
827
803
21
697
704
182
498
840
530
723
223
827
303
854
652
299
658
3
473
266
491
150
98
619
657
696
803
883
935
166
20
839
789
13
427
566
362
813
327
620
528
944
77
646
675
340
959
722
945
846
676
257
417
71
674
582
390
793
26
717
173
705
241
837
393
835
40
641
378
991
817
930
883
799
888
91
103
483
606
999
687
258
416
702
549
424
973
517
978
925
482
865
366
651
660
791
336
877
299
144
105
521
696
339
826
679
300
605
669
685
854
376
515
114
519
188
248
281
901
355
984
504
440
287
930
774
153
898
662
1
500
971
737
686
785
904
765
581
873
258
850
840
384
369
125
566
924
588
447
713
351
544
66
240
261
334
692
769
42
651
856
431
410
720
751
197
486
14
612
417
29
459
728
288
580
865
799
649
491
377
57
56
392
48
584
615
139
863
690
672
326
990
986
246
301
508
901
463
60
911
934
834
987
624
592
931
627
672
386
919
696
386
195
183
977
794
598
947
919
979
506
31
235
452
541
157
27
642
142
523
125
717
438
274
455
286
743
871
988
75
578
640
891
919
204
889
512
718
409
280
1
571
96
500
918
793
847
986
638
79
293
49
525
306
472
444
221
271
493
571
636
962
828
116
501
926
93
741
601
313
72
273
372
733
14
986
66
986
872
544
179
517
531
633
323
767
412
944
385
132
309
575
154
591
68
167
549
922
521
893
301
393
504
578
922
52
890
397
828
555
19
971
387
993
988
159
824
209
120
118
65
827
615
903
294
8
80
570
65
907
292
104
978
930
446
482
161
1000
2
655
801
520
712
982
628
885
419
961
875
814
356
908
542
779
196
626
302
633
644
193
478
497
184
976
896
471
50
499
988
489
705
436
67
812
877
70
190
845
198
721
620
629
895
46
827
726
812
35
617
986
45
348
745
380
981
540
233
240
385
407
668
610
737
414
871
586
339
909
446
730
390
853
934
95
685
222
514
264
739
734
369
795
226
612
748
648
692
938
362
178
448
644
291
514
625
249
425
109
331
266
818
914
998
88
628
58
77
840
583
735
683
489
269
249
251
604
860
224
132
120
52
11
858
675
786
35
274
621
616
929
435
249
531
503
538
917
826
299
261
965
875
137
834
295
376
960
121
381
403
141
820
485
342
545
875
638
1
493
229
977
32
322
709
671
152
966
185
275
496
185
63
349
932
760
664
460
668
426
928
689
479
230
471
276
96
214
353
289
703
59
680
260
817
90
339
927
734
637
175
900
565
509
143
253
864
719
858
287
548
551
74
276
242
897
156
127
833
535
649
221
188
181
388
652
765
423
517
447
298
417
317
941
467
418
107
193
65
659
52
486
356
870
284
553
232
637
184
145
466
521
97
919
540
94
915
477
812
944
153
340
49
687
839
750
267
238
336
589
640
413
688
732
21
336
481
755
447
820
898
332
244
480
792
422
181
759
672
283
314
24
802
900
705
785
689
222
680
760
713
92
443
380
415
613
785
541
505
25
457
935
851
346
644
374
871
464
462
453
893
926
889
459
285
938
846
745
623
630
859
388
944
410
362
376
108
714
717
61
226
45
876
522
366
546
846
379
634
871
212
502
220
643
462
873
881
432
814
298
242
611
740
62
214
411
22
853
93
913
16
243
546
208
617
994
322
981
608
71
488
394
968
277
862
896
394
140
247
494
689
327
562
994
205
124
282
175
96
414
775
424
216
400
485
503
106
940
221
471
875
827
361
883
997
271
866
627
483
590
337
211
618
79
786
610
174
912
818
615
50
454
493
414
567
137
535
482
866
685
197
58
337
723
826
260
204
213
139
944
776
247
563
601
397
614
186
392
179
428
354
979
698
589
225
603
24
374
775
543
192
896
376
474
966
509
323
771
752
757
403
866
711
778
462
761
596
135
281
984
218
68
934
40
922
74
199
185
79
902
691
224
279
945
353
661
145
748
164
391
762
685
843
877
776
123
933
675
537
744
746
226
415
942
235
35
290
592
701
200
742
195
781
38
251
768
923
696
419
138
854
169
725
837
964
772
983
447
924
789
397
380
764
70
880
534
727
675
478
272
484
253
532
521
27
634
736
44
322
385
415
647
125
969
787
661
929
697
469
88
100
513
739
612
676
993
743
409
230
50
213
216
55
166
449
588
548
206
477
445
574
353
224
735
593
115
655
355
118
428
976
357
153
153
296
37
743
387
704
65
7
757
836
778
91
436
35
250
546
414
555
664
420
42
433
197
153
46
31
457
943
343
158
312
799
490
434
166
843
796
805
522
552
216
912
200
274
574
913
72
878
865
621
484
787
162
111
484
608
420
465
188
714
101
592
401
665
84
165
528
919
937
367
546
914
664
556
438
597
478
179
672
428
367
697
377
330
934
939
713
664
253
665
877
188
573
706
922
584
232
58
428
43
860
695
917
878
851
921
397
545
941
260
336
804
513
658
209
477
866
156
391
508
860
825
142
149
752
754
918
676
555
215
615
376
682
659
871
246
452
782
157
872
27
283
748
195
437
158
275
38
1000
234
449
116
388
82
491
425
975
56
149
642
797
511
360
174
881
409
943
996
293
974
901
54
346
643
376
643
927
552
797
412
17
32
818
216
561
932
867
662
923
611
222
974
635
421
532
426
482
294
882
686
849
795
25
569
288
293
996
119
946
336
195
422
970
1
143
658
27
406
605
192
675
865
981
103
289
150
557
769
40
445
191
736
513
442
570
731
689
208
884
298
346
500
884
629
870
978
484
62
69
524
505
962
724
350
282
603
938
541
636
310
733
241
202
115
503
350
175
539
611
711
989
414
360
15
257
722
952
163
217
349
888
730
945
936
445
104
254
52
746
486
614
337
918
501
156
451
748
581
166
956
287
991
604
667
461
111
774
1
689
721
658
503
644
920
734
410
447
643
194
338
20
593
311
621
276
346
630
442
876
909
563
782
764
473
52
492
795
622
1
110
715
71
238
736
894
961
698
723
737
9
607
815
993
106
883
157
328
584
431
163
230
984
852
20
14
637
1
73
800
401
323
246
321
80
694
125
186
135
263
559
221
951
135
446
160
443
17
860
378
608
26
343
777
428
414
354
278
503
270
214
70
487
369
86
271
279
91
288
738
586
995
653
633
623
172
777
270
669
662
129
191
205
161
338
229
508
7
202
529
699
634
876
330
39
228
273
987
334
121
795
702
697
261
802
909
915
273
832
574
802
180
685
184
546
682
889
569
645
888
575
340
384
546
567
148
667
960
410
270
758
260
353
919
806
429
41
757
711
472
228
316
50
29
380
786
337
692
895
991
486
167
524
968
460
23
966
10
629
551
469
905
295
986
175
187
411
302
108
885
776
972
288
190
607
542
274
169
831
578
401
655
730
517
781
472
423
699
503
865
284
984
482
892
677
542
463
902
909
330
235
68
689
317
181
367
505
490
101
792
682
698
799
485
647
712
388
812
63
391
649
171
367
907
248
773
15
225
462
337
526
503
592
478
123
740
54
919
515
594
457
612
786
869
578
512
953
134
843
87
858
101
809
995
315
527
992
935
58
513
631
142
636
335
730
931
205
553
749
949
7
277
57
672
473
988
356
343
772
251
614
721
576
578
568
915
166
56
986
467
876
598
875
423
393
71
388
590
882
827
390
765
353
953
656
910
973
303
461
997
335
243
648
85
148
463
854
46
168
310
848
973
790
218
813
13
644
539
7
412
343
416
828
486
339
210
855
64
779
682
842
820
219
416
901
467
838
660
540
169
320
586
396
741
537
176
758
136
193
708
786
87
521
274
730
925
44
453
947
836
895
417
953
300
317
413
55
605
275
933
736
230
82
116
35
586
475
234
805
965
402
737
478
141
80
454
742
789
173
223
271
930
286
135
712
993
853
369
502
251
863
415
671
694
904
526
173
793
461
392
953
141
292
349
515
270
754
559
714
254
419
464
363
812
423
469
99
808
905
471
651
428
65
903
607
492
430
418
771
64
323
617
223
786
493
857
32
778
838
649
269
391
152
980
337
244
538
766
77
997
641
460
555
832
391
211
958
785
798
619
67
36
734
932
548
542
943
49
293
551
155
688
599
953
534
723
563
15
414
319
369
317
601
50
965
509
46
310
177
824
622
573
572
558
471
925
420
246
808
660
449
800
396
165
254
261
730
634
727
124
101
583
896
859
241
182
774
925
214
2
802
930
736
686
852
279
267
471
644
628
870
124
299
929
85
958
12
17
71
392
327
271
50
307
427
975
644
626
601
723
352
363
653
778
658
628
280
544
733
931
495
33
423
635
757
930
897
881
446
649
686
740
367
193
161
184
981
59
437
177
572
126
349
218
922
718
599
905
274
518
786
592
299
997
64
407
622
611
687
751
466
329
379
46
411
803
834
934
194
583
480
867
827
409
718
799
646
846
491
947
399
734
827
406
901
792
106
343
78
305
959
436
330
83
202
982
320
704
611
769
287
976
516
356
26
348
413
281
998
90
595
806
355
59
491
887
387
573
449
472
651
30
833
959
946
668
278
485
311
311
923
812
155
746
999
598
77
459
968
432
25
720
907
895
628
297
38
374
993
14
314
458
16
582
502
276
214
183
137
535
888
91
253
816
607
738
174
480
167
290
128
610
104
871
739
928
390
66
495
9
246
821
721
992
401
159
789
640
114
268
759
508
249
669
567
783
698
2
449
27
648
60
495
205
731
237
16
362
842
597
519
280
245
694
533
48
342
501
523
355
417
653
257
778
303
702
409
290
702
205
983
814
477
108
936
350
676
364
567
108
828
905
410
947
347
877
568
527
123
441
675
762
637
138
972
93
242
323
297
661
840
62
984
25
905
557
940
915
872
816
628
314
44
511
323
171
913
468
740
614
213
680
99
232
121
924
972
659
380
873
959
428
575
801
505
543
793
2
278
911
208
527
236
336
122
986
911
507
671
51
54
601
596
709
26
775
990
350
927
443
231
32
864
373
441
270
171
108
775
409
865
99
639
548
649
48
919
888
818
883
694
264
91
151
368
115
384
961
833
627
363
539
389
431
786
77
473
625
614
135
523
679
124
393
369
100
748
496
540
494
931
199
111
739
242
674
456
16
814
987
732
462
500
542
169
497
848
102
762
424
612
441
199
358
616
315
429
654
401
629
4
924
297
365
972
302
675
588
394
962
713
948
757
416
462
44
934
70
53
408
952
508
742
985
859
559
414
377
674
104
291
401
60
835
30
740
360
629
331
605
657
334
898
642
864
178
168
758
134
47
841
500
293
697
227
387
81
414
762
48
65
194
697
994
502
356
137
505
709
269
505
165
335
909
475
728
116
923
640
69
479
575
575
525
756
132
187
47
442
871
103
419
810
972
748
981
353
739
470
295
311
641
929
174
447
418
739
504
960
404
534
514
616
552
371
894
995
143
217
614
251
478
183
996
493
338
788
924
741
72
821
274
22
138
938
261
345
193
675
802
294
218
166
418
444
480
406
348
275
779
806
387
493
611
515
11
843
606
16
634
761
396
48
480
669
230
718
674
228
199
354
501
847
722
154
794
806
96
475
905
741
589
772
404
894
859
578
4
679
860
915
255
961
150
66
739
602
472
755
211
983
28
190
902
369
163
141
458
96
774
805
998
177
932
26
613
945
817
39
712
351
5
252
199
659
183
223
204
238
565
539
983
810
817
604
104
63
424
135
124
314
544
344
931
101
141
904
69
715
581
707
930
669
39
24
278
722
511
969
427
555
528
721
61
106
694
645
952
113
564
469
259
136
181
290
869
99
44
724
648
693
487
120
397
925
710
657
37
141
200
412
590
142
980
947
744
149
418
755
694
524
869
96
772
328
16
999
961
295
890
704
299
599
851
256
828
874
42
588
265
934
47
608
475
66
474
779
735
976
955
721
930
854
143
864
689
193
626
235
460
851
993
584
828
736
813
908
555
842
979
956
655
278
253
820
769
623
203
195
159
71
97
907
950
289
591
903
718
360
902
120
722
502
926
858
905
557
117
475
334
706
218
866
568
843
999
145
226
33
74
575
568
573
774
377
479
314
196
188
442
176
380
988
357
630
821
327
789
59
632
259
969
733
373
393
599
80
755
242
497
599
113
5
109
412
123
652
97
91
79
61
387
856
730
212
769
842
100
871
152
203
27
254
368
467
798
586
69
769
238
680
983
291
684
919
216
851
551
612
803
538
330
289
633
855
452
900
772
584
731
19
146
179
910
296
764
15
564
251
441
332
373
373
57
837
966
596
941
80
459
537
53
970
564
109
234
923
481
965
522
802
489
574
589
90
929
604
734
913
283
550
248
224
735
815
690
506
479
956
110
630
615
152
836
980
899
602
658
185
26
996
523
636
260
903
571
47
348
234
4
504
192
35
250
191
420
961
975
78
539
25
221
65
738
774
928
427
43
848
501
788
346
78
837
456
96
496
849
647
494
387
544
978
996
556
496
389
346
544
600
927
611
123
536
292
448
268
148
108
384
82
482
309
841
167
735
506
342
258
755
986
403
223
973
798
80
860
938
428
399
44
760
330
311
665
619
227
80
730
133
597
245
971
256
459
268
182
672
9
730
6
926
176
41
688
135
92
742
913
161
957
438
694
45
159
303
445
470
347
540
341
208
855
614
177
452
121
980
427
749
832
827
741
733
527
181
942
128
895
759
255
29
261
70
423
744
596
394
304
363
64
921
577
867
990
464
387
492
708
459
188
860
934
165
796
668
657
222
244
312
163
429
758
691
517
325
774
808
968
666
815
76
697
745
501
51
395
639
543
538
748
16
555
385
631
515
18
95
147
120
886
566
850
188
403
259
643
504
280
724
487
265
570
572
423
419
245
206
694
810
475
242
826
46
945
785
962
482
501
202
138
751
23
157
157
281
395
582
792
617
453
424
998
953
840
322
345
496
175
441
122
316
406
850
959
562
34
352
876
276
773
989
720
894
517
340
521
537
670
448
184
336
720
779
776
241
676
788
608
548
600
731
591
233
468
14
162
574
400
492
274
372
620
303
863
73
87
487
617
771
734
861
81
641
104
319
615
277
206
463
19
827
800
378
755
501
638
443
589
503
38
524
828
122
389
479
112
622
409
406
543
102
444
214
693
897
620
739
347
665
570
639
879
836
428
45
29
918
89
1
106
740
861
121
546
117
871
410
658
563
68
933
21
347
504
422
87
819
552
372
308
937
279
376
113
917
342
450
222
602
517
161
825
704
799
63
926
455
831
876
697
919
66
810
540
772
35
366
764
945
651
300
486
917
221
387
141
637
287
692
871
802
577
21
562
342
466
267
142
546
609
279
150
395
72
416
186
573
728
233
458
259
63
150
543
479
344
495
807
7
691
489
257
844
68
503
372
411
499
681
137
293
347
196
258
459
65
59
811
288
354
391
282
697
991
209
798
582
433
702
903
687
415
896
780
425
211
496
860
864
581
542
73
828
955
176
790
654
45
20
740
534
277
632
16
286
85
674
343
179
254
90
732
152
111
623
830
409
155
659
24
268
875
815
586
222
961
253
265
500
781
139
45
340
453
520
70
306
977
352
649
392
26
649
505
110
723
545
430
280
551
477
937
483
667
199
565
86
960
33
12
970
840
496
377
491
478
186
659
326
718
821
916
983
42
777
436
793
411
567
987
939
593
329
548
217
822
289
726
58
840
784
775
690
67
519
225
761
673
257
12
349
916
8
550
567
737
280
972
76
448
111
135
715
518
227
572
167
424
15
266
615
406
789
142
929
417
730
675
458
858
622
381
300
717
36
318
45
573
822
845
17
963
34
660
844
298
865
596
860
522
893
994
377
507
731
185
499
138
723
905
412
293
805
872
832
208
413
488
525
369
563
975
303
874
915
706
447
419
47
668
834
754
216
481
400
632
782
670
609
40
678
850
625
99
632
442
245
208
282
322
593
191
527
252
568
314
569
824
369
434
614
402
113
866
25
794
286
403
24
457
442
680
274
346
106
404
97
568
311
126
251
902
842
151
526
397
399
287
526
93
8
549
951
500
175
916
470
672
637
498
922
413
892
132
487
603
473
869
524
817
236
82
482
911
340
41
843
380
943
678
716
86
893
621
288
486
404
268
268
788
91
637
54
711
494
875
589
1000
309
243
812
12
884
994
947
970
576
439
939
427
883
605
119
99
615
342
9
581
681
70
327
183
724
108
555
14
723
729
884
280
778
996
243
697
234
102
359
40
398
250
371
666
687
277
39
502
820
305
321
941
847
353
291
272
201
296
218
975
640
54
835
139
327
772
41
649
343
91
498
876
250
695
293
444
228
474
685
77
603
452
974
594
550
193
930
498
29
917
277
627
350
983
409
974
693
199
545
289
195
381
659
734
27
955
751
457
317
953
187
393
620
816
851
312
315
703
993
822
862
561
876
726
300
440
677
131
140
611
79
766
737
711
81
964
81
197
79
882
852
236
642
81
65
226
901
36
497
162
543
423
233
861
757
211
77
53
135
885
514
20
783
381
568
633
550
652
205
144
712
32
950
729
993
811
249
560
758
752
329
7
333
972
212
727
811
196
423
490
808
810
391
727
866
397
954
177
93
933
30
310
186
695
907
482
168
459
756
840
58
797
290
572
16
260
337
427
559
515
517
517
81
383
381
914
429
646
389
245
197
483
435
658
667
355
958
90
607
692
22
116
124
53
426
67
777
790
635
428
213
652
713
778
779
480
561
112
346
637
799
886
981
232
404
563
983
119
83
853
929
795
398
755
270
797
959
625
566
655
436
969
277
240
199
998
74
948
429
608
354
117
661
535
901
224
253
623
341
692
744
359
370
147
122
745
147
650
55
265
774
766
780
307
792
646
381
916
349
763
59
59
595
612
514
588
526
731
381
389
435
678
400
308
398
318
975
181
20
128
315
380
651
791
475
958
687
583
879
646
73
968
813
492
307
127
181
611
131
756
196
840
82
789
611
163
775
305
247
105
968
170
77
105
256
951
521
283
63
435
378
982
531
93
751
945
52
299
592
467
321
611
356
172
324
315
45
194
324
613
61
568
977
544
156
556
873
683
695
902
608
709
743
887
934
468
59
7
873
54
606
229
607
253
286
954
795
763
144
686
534
330
571
294
518
230
276
490
59
860
848
744
5
482
440
572
831
254
643
326
697
738
285
952
746
801
815
811
195
340
79
725
660
357
409
288
497
941
558
731
875
169
925
469
794
789
379
819
721
786
172
600
443
605
346
909
712
77
26
405
22
887
101
336
901
993
426
233
547
423
633
704
710
207
871
575
423
853
579
48
338
344
449
632
30
839
285
262
736
345
302
732
263
866
546
36
296
918
421
282
135
453
195
409
341
261
749
603
711
677
883
279
757
804
226
477
503
370
911
688
250
691
376
246
234
369
752
984
745
602
543
474
826
724
732
929
334
473
554
493
211
365
658
266
964
503
100
331
205
605
555
281
378
284
821
629
735
649
327
905
47
354
260
792
728
706
154
218
51
154
459
149
83
887
494
215
411
833
730
265
331
338
499
713
786
111
232
135
217
767
932
346
300
772
532
669
533
114
647
27
175
866
230
187
50
55
493
748
382
857
266
175
935
621
495
754
992
136
228
755
372
254
979
815
690
779
771
374
752
53
545
392
508
162
773
591
284
508
546
149
553
363
441
512
411
334
506
817
756
602
929
663
419
911
846
986
707
243
959
581
570
896
238
155
97
939
342
627
143
141
75
568
372
824
412
282
823
349
8
553
932
460
522
259
902
193
543
692
716
543
825
203
325
359
385
740
166
139
811
761
957
275
211
314
415
646
707
862
451
217
579
572
338
592
539
197
719
892
304
964
881
148
502
478
555
372
859
237
197
952
128
55
786
311
47
239
4
576
582
178
571
886
221
846
291
632
284
196
85
253
281
391
661
327
37
948
188
270
496
705
260
878
511
957
760
510
413
120
725
11
81
200
649
900
294
820
428
887
568
140
54
604
436
519
824
333
308
210
909
198
454
817
1
944
726
293
793
813
21
944
380
244
386
434
509
617
5
61
521
907
788
113
181
540
293
338
232
368
808
401
882
627
555
445
984
502
143
421
243
207
155
168
466
295
112
419
892
692
22
640
570
909
175
654
572
475
853
761
241
173
714
562
882
704
876
812
329
593
92
777
907
449
854
617
870
958
211
602
766
919
753
317
260
798
478
693
580
357
440
137
468
944
934
141
174
863
61
256
309
587
753
473
555
114
315
108
592
336
430
201
101
382
551
82
131
681
779
931
845
678
693
882
9
695
715
102
51
522
701
849
736
730
423
237
388
17
354
737
738
667
671
908
325
648
559
888
743
377
369
693
587
381
107
370
518
269
609
637
407
417
448
46
26
88
675
965
612
277
985
640
868
191
124
137
828
937
609
675
956
719
542
39
313
765
794
723
798
897
743
465
866
64
903
864
407
325
525
538
89
347
342
720
649
125
828
659
433
136
416
237
536
203
126
586
173
267
719
369
61
46
745
118
255
526
782
235
435
235
610
781
969
967
197
860
637
100
427
801
6
175
653
988
708
525
376
223
120
780
618
949
817
179
407
9
167
525
883
929
748
852
544
703
281
14
922
755
317
764
138
592
559
892
165
929
49
15
963
923
140
551
772
632
869
339
344
773
43
319
803
289
918
389
440
588
163
599
64
348
194
901
895
525
858
785
761
398
61
325
295
726
458
738
806
548
830
395
181
565
876
642
711
757
814
685
122
549
853
763
173
161
590
731
488
798
413
780
379
207
377
168
456
161
380
60
877
495
968
22
117
431
492
580
261
65
710
331
947
982
502
401
1000
750
520
747
539
712
661
327
37
292
207
537
847
765
67
923
9
411
74
398
880
492
839
845
577
603
767
726
472
243
641
968
423
730
659
783
625
141
413
993
333
379
46
805
329
258
455
869
888
948
130
570
554
217
430
916
602
786
67
431
557
352
404
294
903
795
995
392
974
662
789
827
121
974
247
40
24
159
365
575
377
206
8
352
242
991
895
93
447
218
322
764
536
144
833
461
241
26
529
484
336
141
778
198
566
42
752
770
213
679
17
2
767
303
276
854
884
215
778
424
613
889
425
108
627
490
613
75
901
239
919
366
918
560
350
81
720
885
816
41
566
657
681
207
423
373
717
763
65
258
15
939
482
224
501
328
606
975
783
945
510
350
497
101
22
268
712
656
238
771
305
538
175
471
55
124
659
319
703
811
239
86
617
906
346
119
677
729
884
801
535
829
613
586
179
983
117
329
406
600
336
997
708
592
326
926
49
608
537
229
256
648
165
464
130
907
41
528
281
770
119
241
851
440
804
689
803
45
942
219
921
618
404
808
192
538
270
546
937
777
47
597
592
597
895
256
11
810
589
465
645
694
217
679
876
744
477
355
869
269
611
518
874
944
953
537
78
596
387
289
73
437
818
861
288
148
240
926
848
450
270
983
368
973
642
561
970
544
358
784
431
594
569
996
605
312
500
580
939
30
737
851
328
947
112
557
286
696
141
350
146
429
787
756
587
516
843
925
536
185
653
322
77
603
604
756
986
85
258
550
175
422
747
114
250
268
553
240
934
374
243
350
865
631
197
37
160
679
361
385
110
141
736
574
329
283
799
543
485
736
744
224
406
271
516
695
562
561
437
706
676
325
352
429
178
998
834
493
464
270
416
7
731
521
610
273
363
161
812
938
928
524
841
536
456
463
739
76
472
478
556
109
499
592
632
689
293
319
760
641
351
635
430
863
210
258
958
276
998
95
581
450
120
988
302
687
699
682
744
277
157
793
24
99
623
587
765
897
893
509
792
39831
66
723
406
558
728
180
518
42
454
361
314
218
521
685
566
59
439
47
478
404
270
437
566
576
608
420
20
970
888
31
167
142
776
85
312
435
626
156
985
453
835
92
184
557
606
976
29
24
673
860
281
439
699
757
506
591
249
724
160
864
282
810
667
71
38
740
994
832
568
886
949
205
159
852
293
618
554
211
51
750
231
197
938
648
905
473
144
624
795
217
669
414
206
189
777
670
961
271
129
831
267
489
753
567
482
16
235
824
616
614
699
303
568
262
800
310
880
203
249
80
822
355
618
317
318
369
639
215
330
874
472
607
462
946
891
59
878
621
276
286
597
547
419
312
976
883
60
602
798
743
726
459
52
432
53
350
670
925
896
932
757
129
104
410
607
942
746
331
158
863
93
298
683
833
869
745
73
843
347
925
744
467
105
935
173
281
610
689
905
41
326
259
59
596
653
269
367
288
501
853
579
356
848
560
52
71
593
208
405
694
334
480
31
706
314
449
324
828
340
326
655
83
116
545
451
102
714
82
612
999
370
885
520
226
962
458
729
459
837
25
629
981
40
285
524
56
569
171
975
904
995
365
829
332
828
394
574
5
177
68
273
814
298
292
993
709
965
691
474
892
40
561
678
550
854
506
43
513
482
861
918
678
898
368
511
77
281
483
880
558
58
823
900
923
123
320
840
919
559
259
247
675
672
869
195
397
387
688
438
510
522
456
139
910
658
137
841
575
77
401
507
127
778
865
655
238
314
115
194
97
226
502
509
359
32
830
110
573
870
498
621
571
11
842
674
422
332
923
654
218
456
611
137
891
266
306
688
508
870
800
707
796
291
139
697
389
812
519
651
766
330
796
936
47
671
15
29
128
91
873
10
708
965
456
690
870
561
561
260
491
645
911
361
277
550
840
881
791
108
975
157
250
739
805
215
945
985
771
4
79
139
534
637
671
195
287
258
644
342
29
422
330
786
406
356
720
875
674
609
554
341
758
351
941
47
898
814
613
819
219
794
289
360
824
812
481
294
746
716
527
96
487
390
160
478
175
465
728
147
450
992
541
311
298
975
474
939
607
218
906
202
981
264
532
857
102
866
324
941
131
865
64
693
958
506
672
813
941
714
44
301
616
405
118
410
596
342
32
207
920
947
174
478
193
258
993
963
125
908
550
630
47
621
313
724
279
359
108
983
821
26
760
570
758
685
777
351
915
52
223
627
976
763
28
488
659
722
988
763
512
13
848
697
339
808
81
918
75
150
164
411
828
256
123
823
520
217
398
163
130
222
839
292
643
509
625
479
803
83
638
637
152
179
100
428
285
981
703
147
62
312
216
860
352
833
249
672
908
36
205
911
267
672
847
487
120
292
60
439
474
681
583
286
699
832
796
436
103
389
710
877
706
746
810
247
821
451
604
480
43
388
33
481
483
911
433
299
330
374
33
191
614
422
210
969
180
882
231
449
899
899
842
848
167
75
779
539
603
852
894
825
670
625
93
1000
798
57
918
896
497
121
238
351
49
783
392
772
900
110
686
556
53
833
459
356
846
578
30
21
73
775
955
965
69
1
175
826
656
931
259
510
473
441
340
136
641
662
779
498
644
703
251
366
20
667
770
730
903
775
304
852
13
470
156
129
958
348
634
3
250
747
757
617
489
640
617
254
249
67
164
523
336
484
26
591
681
530
207
361
905
904
105
150
604
725
226
60
526
82
913
502
423
941
448
734
544
982
114
565
174
335
16
805
148
303
810
598
407
62
324
592
341
281
445
650
363
225
762
910
381
842
586
344
18
299
846
139
135
324
886
445
350
638
432
367
288
400
352
884
342
401
983
21
380
273
153
166
194
845
921
382
725
455
913
998
965
650
812
688
436
170
373
590
808
768
66
65
744
217
252
728
815
993
656
858
993
33
558
797
332
434
685
339
108
670
714
80
857
962
420
678
954
174
761
513
672
955
543
874
393
814
941
287
958
215
779
258
409
94
82
788
702
281
388
726
319
50
799
615
559
377
718
743
87
439
103
48
512
730
731
578
579
672
923
564
181
297
45
333
329
388
921
957
334
374
692
241
878
13
153
440
962
529
560
377
434
309
785
89
267
716
563
253
599
891
876
350
341
729
622
300
933
801
248
679
169
98
607
770
179
530
708
766
956
423
968
158
333
57
953
888
535
661
661
972
335
158
54
487
223
159
344
459
249
676
516
96
460
379
465
102
103
162
493
188
739
893
427
468
295
317
429
147
204
377
364
40
17
826
834
432
558
343
960
33
822
212
636
239
967
101
851
507
427
970
451
430
15
408
834
707
284
449
205
812
241
488
301
913
452
862
680
766
2
516
821
175
194
658
597
167
462
288
82
758
169
955
218
611
307
310
928
377
81
918
741
84
763
27
202
597
12
614
335
983
64
445
552
349
655
512
182
853
852
421
811
843
359
648
677
346
460
782
82
58
625
424
489
341
646
161
977
939
867
858
471
474
758
155
360
566
8
875
562
800
835
346
30
68
976
703
603
553
55
385
329
378
190
730
15
415
318
989
808
490
85
933
943
497
410
837
727
799
561
333
27
138
837
232
23
531
758
446
532
794
127
725
101
416
234
932
188
780
369
800
178
817
886
865
632
595
630
466
292
587
589
346
380
696
538
745
297
507
927
928
204
882
906
321
680
295
951
598
516
425
647
412
719
525
679
419
44
985
430
69
954
694
164
363
331
505
786
483
459
920
765
217
729
630
926
536
960
878
96
490
37
837
158
869
851
221
416
740
598
795
487
166
96
147
350
861
415
770
816
35
124
902
359
848
878
482
375
428
109
527
524
89
360
130
312
402
4
263
980
753
671
450
206
816
723
653
403
636
697
389
40
372
609
256
74
785
123
374
990
710
460
430
839
236
23
969
249
825
604
249
962
868
69
40
403
712
11
684
911
604
259
500
191
65
967
167
882
34
578
642
88
689
588
386
553
706
89
387
798
904
885
406
656
940
598
983
523
883
275
612
444
807
820
249
635
359
257
294
756
33
680
818
124
628
604
746
964
555
950
326
383
503
584
988
856
318
748
72
964
587
378
291
786
716
486
803
219
335
478
790
985
793
765
499
644
654
304
668
661
396
530
7
927
825
611
536
726
549
612
138
591
178
758
431
138
446
241
967
52
439
397
681
677
336
729
227
424
467
38
766
396
434
673
285
525
328
650
503
451
362
252
509
530
328
494
905
304
200
161
603
363
349
490
914
9
24
363
378
45
623
461
756
223
659
661
57
983
554
73
506
872
545
595
10
531
966
700
293
580
671
126
459
727
923
518
538
77
390
358
601
591
362
140
405
539
209
177
962
926
962
969
322
157
124
411
96
191
80
619
615
237
115
901
775
576
673
802
739
120
340
223
114
956
424
187
338
775
651
16
461
959
448
674
637
300
12
685
248
994
867
356
320
426
68
780
943
361
846
141
21
505
35
853
301
745
503
486
683
429
990
599
229
535
319
837
646
554
650
748
478
712
289
947
804
194
938
651
824
868
61
608
193
76
983
237
827
999
812
62
965
384
128
389
782
830
430
926
213
77
332
128
362
133
211
52
592
872
214
176
734
794
798
691
999
420
499
442
331
651
842
283
175
794
25
114
84
39
642
911
658
961
632
43
193
258
69
780
8
950
78
751
434
772
910
901
237
180
542
794
50
473
77
632
647
214
373
997
979
294
976
408
485
779
282
466
314
469
844
848
343
377
226
551
723
580
514
477
994
95
889
621
284
383
884
225
453
496
502
691
479
637
119
239
739
505
234
221
615
713
657
338
508
334
238
35
733
733
615
664
398
631
260
964
673
989
30
491
397
347
980
840
765
752
458
425
727
877
899
468
800
221
707
309
228
411
994
32
825
859
122
375
986
622
170
811
896
458
29
902
35
543
104
820
48
334
30
935
62
469
111
198
48
572
299
681
186
812
518
563
216
305
186
729
769
271
759
420
152
745
577
328
452
929
299
695
137
975
620
900
597
922
146
200
747
414
906
931
210
114
999
137
757
294
613
926
475
9
513
272
466
249
332
635
976
375
500
289
515
967
766
196
267
268
27
360
112
719
171
922
132
654
646
828
897
886
675
480
833
235
707
264
653
149
446
712
240
869
960
852
535
550
522
584
442
118
426
620
1
420
470
28
476
97
954
921
366
116
695
530
144
191
117
260
728
162
953
103
156
66
896
726
182
43
298
162
275
668
260
514
735
677
667
672
358
189
971
395
821
291
935
128
141
283
685
11
653
84
770
811
53
680
831
541
597
790
775
93
113
848
483
283
589
1000
155
326
426
167
643
748
62
855
297
588
15
741
876
23
456
214
580
142
387
650
702
736
326
482
135
799
25
172
319
175
959
76
495
316
660
763
774
455
720
1000
682
755
162
995
138
327
501
536
381
513
989
522
878
370
735
408
356
982
190
363
732
926
254
934
625
920
230
904
941
964
868
1000
118
234
10
330
828
997
906
992
935
944
716
217
543
48
510
868
949
349
674
690
62
628
318
916
238
213
464
606
716
387
136
138
471
712
414
1
700
646
646
642
529
964
367
375
973
807
353
905
449
280
658
430
413
259
496
602
565
438
198
20
771
98
291
870
182
384
304
985
693
863
736
296
466
834
177
483
33
747
500
231
303
51
681
672
407
139
677
930
204
703
286
26
496
82
707
368
880
232
726
40
237
717
99
735
673
469
918
351
636
453
938
982
8
387
60
180
648
154
484
528
689
508
535
270
383
763
235
157
991
336
750
349
911
560
949
561
34
420
82
22
391
82
682
700
745
578
26
993
519
70
950
922
923
121
676
801
721
663
8
290
670
8
961
633
102
707
518
322
460
991
532
986
962
73
461
362
351
245
495
677
367
643
309
898
195
764
111
596
320
449
718
370
567
851
572
780
862
255
718
720
29
228
551
889
233
640
20
986
636
493
178
137
75
241
448
66
953
930
306
421
827
79
65
650
682
952
426
73
96
221
640
286
374
497
207
945
183
731
996
129
97
735
272
978
643
306
581
266
561
965
683
514
994
989
29
632
750
213
630
238
927
23
627
745
136
550
571
655
798
419
503
408
189
994
465
562
753
255
553
84
598
658
144
592
494
773
720
312
272
932
518
278
998
395
281
112
424
45
815
28
834
212
568
860
712
915
743
811
146
400
3
948
982
492
839
519
519
293
826
659
40
967
282
293
567
701
373
297
202
914
932
659
610
458
249
43
666
513
755
3
305
568
743
416
61
910
600
9
975
188
753
475
465
119
906
479
194
145
705
646
474
936
125
361
787
801
643
267
628
397
678
128
88
792
524
28
465
364
876
704
890
555
326
794
725
5
88
674
809
357
582
23
36
228
24
442
977
36
863
880
260
701
270
269
853
194
932
29
874
366
243
789
214
865
714
665
747
540
937
722
474
345
874
775
871
872
888
488
265
105
797
901
870
249
783
397
342
52
320
767
448
482
339
564
857
900
183
30
346
29
9
257
540
109
910
789
554
429
783
311
337
180
347
34
279
309
923
654
921
132
150
902
126
405
689
865
95
771
460
980
294
1000
423
718
372
487
286
545
402
277
284
423
167
460
259
10
18
446
744
125
422
976
574
434
805
73
160
103
633
606
741
427
799
837
436
812
812
993
292
562
151
509
293
852
221
551
571
338
409
502
346
857
616
635
37
172
837
634
165
912
449
594
193
13
729
691
995
61
130
505
369
851
396
705
53
682
759
102
645
813
968
920
373
109
712
789
831
785
376
245
659
748
2
174
468
657
583
460
128
324
61
298
938
194
597
790
370
373
562
71
866
339
201
49
747
180
139
60
668
81
158
630
662
311
34
777
10
672
39
792
18
532
951
52
473
846
389
554
31
509
96
796
339
533
587
40
40
625
358
578
449
216
565
545
84
800
565
377
771
46
553
78
187
321
775
383
919
733
478
384
747
226
201
486
291
242
945
391
430
985
367
508
881
948
161
112
540
87
473
110
813
329
452
51
881
421
438
672
579
893
67
916
64
181
210
48
821
760
631
58
703
1000
977
645
847
772
849
995
408
412
955
480
494
638
18
144
999
681
367
870
14
622
588
558
323
129
702
192
344
681
664
367
966
337
678
55
410
420
865
632
739
977
426
478
95
393
508
843
293
132
437
157
381
853
85
564
400
2
552
209
605
405
371
458
294
291
383
320
596
895
377
991
729
566
909
417
572
283
368
991
267
863
176
726
583
318
626
635
798
51
315
945
582
986
551
274
126
826
408
360
252
468
630
627
914
877
266
567
543
895
789
454
618
138
339
296
229
169
272
952
857
978
357
940
825
166
353
537
108
147
167
559
307
153
747
698
697
728
944
58
758
272
435
407
15
912
28
155
784
989
306
239
956
798
723
705
690
420
40
217
612
606
116
716
552
919
95
744
214
208
905
742
608
917
513
288
704
481
315
101
818
931
845
633
234
562
568
765
107
447
69
951
429
84
249
55
807
110
932
85
570
867
549
24
524
151
753
214
834
492
122
617
959
684
7
679
550
831
41
434
546
95
522
58
793
744
157
556
793
829
127
217
95
158
134
736
688
538
262
372
388
261
724
717
717
829
939
981
930
662
748
105
744
881
452
741
101
822
48
986
237
414
926
605
586
634
688
829
596
200
955
254
206
207
214
407
869
37
642
691
668
867
942
595
265
747
849
505
4
34
404
734
678
624
864
509
807
468
210
260
466
696
559
250
790
199
376
942
202
989
481
91
637
441
859
685
22
398
533
177
720
254
47
765
293
900
98
710
931
522
870
741
484
194
561
224
199
792
924
491
441
84
209
255
112
768
234
954
634
786
396
287
51
500
295
784
371
433
799
851
484
816
933
698
388
221
223
20
860
935
751
304
883
887
357
916
661
557
838
662
375
955
835
451
246
903
646
913
809
620
550
964
864
449
324
344
691
767
529
853
955
19
955
916
575
821
471
556
19
37940
958
782
467
637
409
593
832
755
956
737
106
3
776
195
177
551
157
794
407
23
3
909
199
355
33
233
584
45
374
531
767
358
163
771
291
608
942
664
969
424
268
546
988
324
434
812
12
558
643
439
120
865
594
691
772
217
825
441
486
838
739
936
526
568
128
934
242
93
686
15
542
490
312
658
364
996
955
304
880
305
461
10
994
263
907
24
338
595
361
982
928
11
747
403
816
169
228
796
64
96
304
811
294
234
693
723
993
553
113
88
731
656
937
940
698
142
809
64
682
299
31
903
947
694
752
751
699
15
661
442
679
727
880
494
149
933
199
702
696
698
316
763
771
15
988
595
66
934
664
263
599
166
705
701
166
563
565
372
454
281
488
590
88
12
541
977
76
563
35
469
779
916
747
664
859
633
383
643
810
884
910
655
77
14
456
315
829
855
880
446
429
329
990
109
711
520
758
47
894
362
843
556
140
711
410
62
59
152
128
527
105
115
516
221
981
444
200
542
922
45
206
984
967
142
569
385
520
68
952
862
141
303
139
714
821
115
793
331
681
862
180
468
418
374
100
258
301
30
590
76
130
87
889
496
541
402
946
940
217
678
138
948
313
487
726
403
696
272
762
731
321
397
648
510
801
399
232
376
9
359
355
598
464
752
668
395
118
820
52
863
770
534
437
396
467
145
312
460
69
263
873
53
756
61
937
534
768
157
524
360
913
698
57
271
345
482
219
235
461
629
200
137
860
66
644
794
520
383
679
458
664
758
410
258
882
340
694
72
821
737
139
271
921
738
876
261
997
960
32
406
34
726
655
688
878
462
843
687
192
332
958
158
83
721
155
97
664
268
157
380
565
544
353
285
744
24
10
829
989
275
377
131
108
715
911
106
441
262
929
532
352
822
591
251
210
921
450
776
719
563
564
600
908
399
901
3
753
438
752
764
660
521
180
471
753
396
345
841
703
374
242
323
800
997
309
6
734
639
421
321
10
359
366
691
472
875
937
662
241
318
274
537
671
794
226
660
972
168
305
434
341
508
385
375
327
148
136
200
17
335
354
109
442
682
873
22
107
65
918
252
214
900
491
752
851
825
583
546
449
720
103
672
366
584
169
763
673
769
386
557
841
875
175
886
83
746
803
361
128
490
174
940
986
565
717
565
383
373
385
779
375
620
731
444
66
105
882
487
323
560
748
133
972
880
87
67
356
147
494
399
881
437
757
347
742
743
26
614
542
749
109
91
819
468
256
887
530
365
663
709
380
150
543
154
344
48
728
956
703
177
387
762
716
336
864
616
3
613
905
451
290
46
807
619
55
119
699
360
942
760
90
190
689
452
328
933
612
952
642
309
369
81
950
469
645
419
491
773
761
218
269
638
651
870
329
903
358
955
186
443
573
668
671
544
712
631
856
132
955
510
412
51
46
32
20
58
129
983
65
176
62
342
983
267
851
731
637
562
416
358
262
707
381
810
719
912
665
868
276
247
197
938
514
216
405
625
698
84
65
574
926
803
485
734
43
952
908
683
674
341
588
285
366
479
26
866
23
737
45
554
188
845
553
59
731
92
655
852
212
388
19
76
595
292
235
759
427
583
818
257
447
714
792
952
249
281
775
207
345
182
463
242
875
388
739
294
366
217
622
405
660
959
519
276
648
981
109
786
430
806
722
555
428
684
157
754
800
181
413
257
110
401
534
265
810
11
328
807
235
550
269
157
756
128
511
86
453
817
466
615
619
306
816
226
321
698
90
867
854
377
820
593
44
116
162
242
31
531
852
978
68
948
767
245
657
455
297
899
472
986
405
652
687
127
750
855
307
935
162
213
237
126
73
595
997
663
780
296
938
159
67
108
288
290
870
997
527
405
119
84
945
115
955
523
156
411
167
109
642
712
680
8
457
929
410
301
654
473
506
832
529
273
161
71
873
59
641
769
839
392
679
846
215
142
53
228
874
598
71
898
647
721
756
951
589
640
544
546
191
981
962
716
443
60
832
209
426
891
521
98
595
886
759
118
126
258
215
666
366
892
882
119
443
331
298
296
162
921
688
362
876
74
877
750
921
559
282
619
774
701
395
955
225
626
235
146
777
237
225
513
592
255
295
712
962
401
103
462
979
61
867
607
194
683
389
983
564
736
586
698
542
643
919
992
316
542
811
51
633
956
800
87
210
449
349
80
858
132
735
96
985
444
66
414
192
697
418
441
276
718
472
416
389
557
460
388
55
480
149
342
129
889
68
834
995
900
357
407
493
172
973
83
425
281
72
79
449
659
65
535
468
436
214
155
966
613
954
419
437
94
639
264
22
696
9
743
841
469
577
698
819
204
545
497
304
116
373
206
458
321
947
706
115
946
817
430
320
582
735
455
869
241
68
587
50
12
764
238
776
511
447
510
636
59
434
578
625
620
303
375
384
60
663
953
174
749
344
757
829
704
964
822
224
877
603
341
172
298
987
675
486
718
24
395
865
220
99
801
911
500
577
573
587
939
889
631
473
994
70
915
428
805
517
942
909
83
508
896
890
385
732
707
510
557
498
462
942
819
469
836
703
651
220
407
98
663
298
746
914
237
262
220
791
632
156
515
740
774
44
887
985
555
22
647
862
170
118
829
204
960
640
186
844
921
105
505
819
375
997
776
700
665
55
545
263
452
218
60
407
493
791
254
802
421
606
254
39
374
95
224
103
777
418
934
475
62
690
708
442
784
574
870
311
972
20
16
234
314
709
566
868
886
410
912
907
195
745
968
699
553
326
701
899
952
455
584
520
157
507
20
605
921
11
519
225
878
775
778
660
924
486
236
27
363
197
65
932
184
505
277
244
640
702
356
329
340
119
795
157
497
646
763
683
435
941
120
331
174
586
301
306
242
585
238
224
944
907
168
821
945
365
288
400
983
869
653
370
539
917
16
182
872
644
488
774
623
747
951
585
220
879
865
271
29
489
949
605
581
272
527
656
382
380
80
257
120
416
122
79
183
376
14
272
796
970
2
384
85
101
12
837
543
582
362
735
187
944
353
244
341
303
370
222
238
382
382
63
944
856
799
738
333
304
129
919
339
166
645
943
534
850
772
193
317
891
974
702
722
897
247
442
5
358
467
897
357
947
691
469
927
564
825
835
72
978
551
984
21
179
777
8
628
148
408
729
343
348
597
599
459
495
664
487
177
437
708
826
673
805
836
842
902
499
755
818
991
240
624
327
722
885
580
546
474
581
142
262
264
449
264
370
204
990
115
755
144
670
722
947
442
634
647
429
446
635
674
479
717
775
584
367
225
945
505
943
914
75
687
412
894
407
765
219
991
102
944
608
482
751
551
897
805
840
989
643
752
985
396
170
956
316
266
764
384
241
464
254
709
719
653
734
61
624
308
514
113
932
794
259
166
921
808
219
109
434
515
741
859
219
173
750
102
298
469
380
597
89
298
472
225
518
852
96
590
405
505
902
48
351
3
805
902
105
878
790
822
203
702
423
892
868
868
966
949
936
886
864
476
431
492
402
840
713
164
733
756
959
567
293
351
987
79
326
705
389
338
393
536
954
475
406
623
739
573
273
488
85
304
758
655
529
685
815
211
768
840
574
167
519
609
543
646
685
977
802
490
227
689
20
766
973
385
764
171
655
57
746
404
517
743
405
1
299
499
669
28
417
573
46
787
325
110
141
14
342
233
906
490
12
211
841
913
331
533
217
625
365
466
40
864
390
688
995
403
841
476
390
197
834
767
112
427
260
933
273
740
798
583
902
426
69
242
770
739
732
542
181
394
701
113
454
568
966
22
780
89
500
507
899
786
739
458
205
593
548
944
618
558
566
171
142
714
471
675
208
790
878
492
943
39
279
451
188
510
969
446
240
859
458
922
600
587
538
453
217
942
280
484
883
563
699
784
229
321
356
723
825
75
20
63
290
191
226
207
809
9
654
919
887
951
138
670
302
812
17
249
341
313
917
44
154
798
566
757
864
126
294
161
993
69
71
924
13
957
342
58
180
172
892
800
216
350
251
698
440
650
491
838
729
492
207
317
638
328
482
436
452
270
197
72
517
417
415
425
88
237
197
538
986
536
97
332
255
950
210
310
684
397
333
813
695
398
303
659
209
750
94
730
961
880
211
88
684
349
95
14
838
701
916
525
144
640
788
451
488
559
573
54
946
320
219
712
482
205
388
951
617
778
588
55
602
214
627
86
115
91
656
644
824
854
81
980
128
288
702
236
435
477
610
568
594
661
877
221
656
136
991
153
192
70
270
22
76
26
539
239
956
839
204
561
639
865
909
388
78
435
225
407
305
245
996
827
959
394
383
231
159
161
238
106
5
13
868
777
388
891
741
671
604
686
27
76
894
712
700
491
660
877
938
893
463
919
334
453
535
156
109
606
62
991
503
366
586
252
228
804
566
138
476
914
868
346
888
942
348
376
966
171
228
285
988
758
667
308
908
294
539
597
459
945
423
788
921
268
937
272
504
538
375
342
449
339
968
468
746
884
439
76
739
296
620
787
615
111
194
890
41
914
429
189
203
525
24
230
886
210
351
16
574
768
206
479
903
393
840
70
89
28
311
321
776
119
614
280
31
119
225
418
653
211
549
510
708
757
390
616
284
650
69
921
816
849
18
913
561
776
272
904
693
367
682
554
414
540
249
485
547
269
239
290
37
281
253
469
442
364
892
243
477
722
589
201
814
895
517
844
814
279
262
174
423
949
896
302
685
326
108
806
962
936
382
66
837
581
249
867
969
332
361
176
873
593
202
151
933
199
658
719
768
553
863
41
225
324
294
121
326
694
562
88
188
524
24
68
214
320
101
806
948
930
155
240
74
850
509
35
600
387
613
904
505
254
849
851
495
853
118
769
87
729
897
803
322
736
51
405
787
395
904
60
295
668
898
805
971
59
758
23
489
225
395
945
223
759
906
970
245
381
491
228
696
176
672
528
883
204
425
266
211
900
479
811
183
476
853
379
26
830
384
181
382
943
908
600
271
467
340
220
596
505
601
121
880
219
259
551
479
461
61
274
352
941
300
363
937
767
114
54
177
511
854
395
293
87
875
632
527
603
136
164
106
50
68
333
1000
109
155
886
842
197
622
623
241
165
45
932
692
575
219
995
777
644
215
74
761
407
990
395
587
953
305
51
384
491
681
781
258
764
677
775
821
249
830
240
412
563
777
601
568
297
258
400
157
284
846
239
608
896
865
272
220
243
58
524
724
297
54
105
711
502
989
40
65
549
596
563
917
429
258
485
660
195
669
817
43
127
732
618
709
866
535
217
230
803
992
911
41
858
898
173
538
567
683
984
497
860
117
338
957
797
548
647
683
444
193
344
724
518
59
743
762
635
126
925
46
487
280
391
776
743
122
111
675
334
767
767
472
628
495
946
753
216
329
120
249
12
632
861
992
271
508
89
545
475
861
39
670
672
137
38
271
434
619
183
614
717
19
477
308
494
111
125
187
629
728
256
24
464
366
882
12
423
766
804
973
178
609
842
636
256
203
361
528
172
918
500
69
392
826
190
248
242
578
395
949
106
655
881
43
691
935
801
983
392
71
615
607
172
862
977
865
584
193
610
989
141
200
939
342
275
644
322
123
184
167
856
103
603
753
81
505
3
498
77
535
401
492
613
688
252
172
511
663
20
527
743
708
813
181
687
558
671
337
473
873
345
721
766
250
12
984
361
228
963
694
270
610
32
168
40
445
994
842
363
128
524
157
311
442
896
664
413
580
569
450
970
296
988
466
672
97
191
38
525
30
271
658
74
603
274
22
216
396
900
263
437
50
772
306
657
451
1
165
583
980
252
500
768
674
854
938
409
921
985
578
139
484
927
428
686
952
649
374
788
443
671
497
885
699
407
278
647
63
630
302
88
111
974
218
723
292
449
494
941
843
665
413
174
722
786
381
696
461
602
299
898
835
433
129
817
672
111
557
381
902
613
112
784
938
615
989
987
832
282
50
548
253
38
888
59
703
591
175
114
240
149
936
320
274
192
563
351
286
163
971
133
42
126
531
861
431
692
830
254
72
278
992
110
179
717
625
945
36
955
338
481
902
708
134
212
407
408
166
900
52
378
318
323
588
416
21
80
905
428
281
516
909
280
915
886
818
798
254
74
46
339
814
749
441
797
846
977
712
959
242
118
850
735
60
154
963
782
953
257
274
858
103
536
939
907
262
55
526
145
194
528
179
473
913
502
885
154
751
479
901
304
542
592
339
248
205
879
781
579
38
403
854
886
81
536
192
785
124
780
2
586
769
454
275
751
97
332
372
751
983
50
223
176
531
428
9
427
836
895
976
597
881
460
534
611
211
130
989
999
869
487
605
642
507
50
522
655
458
465
902
607
48
218
420
145
585
386
365
259
157
562
555
103
318
801
342
453
523
181
549
475
428
720
618
739
255
649
976
36
354
522
75
687
903
200
854
8
353
295
554
964
882
69
967
633
29
77
70
12
90
178
728
482
303
485
245
137
624
808
234
916
404
634
230
672
876
515
737
382
599
387
544
841
100
892
316
469
531
895
834
80
386
131
964
32
141
626
708
130
790
895
487
131
269
917
94
320
34
672
643
99
884
14
576
957
368
379
178
499
979
998
137
770
921
415
986
170
522
515
48
569
94
666
501
558
519
459
355
721
447
597
474
57
392
468
392
861
458
714
32
596
968
972
16
140
513
667
424
996
594
63
298
1000
301
761
484
845
730
826
437
914
154
880
825
649
127
707
173
582
770
66
604
781
758
95
574
92
220
456
806
477
108
48
299
918
531
495
214
652
216
147
35
34
898
124
834
842
932
332
491
183
191
245
801
85
391
461
308
183
261
877
164
323
97
229
852
618
851
933
358
92
807
233
894
449
698
723
780
369
413
740
358
6
41
102
803
452
600
51
256
58
83
437
408
763
154
761
888
55
993
538
273
349
530
220
476
539
903
606
775
403
25
470
864
728
237
259
882
711
671
870
38342
954
46
927
286
542
61
174
807
308
263
526
159
169
81
759
785
805
231
235
563
468
815
488
209
407
328
479
1
153
437
425
855
793
727
19
617
667
970
842
969
154
981
301
144
932
517
241
174
992
597
990
447
709
823
957
471
266
414
272
154
449
663
198
1000
871
106
322
546
811
220
884
416
930
830
56
248
444
925
431
354
340
712
713
236
778
771
980
346
1
251
44
837
955
627
719
20
723
795
139
65
513
314
466
351
731
337
853
908
705
464
493
759
51
585
445
239
147
348
447
835
409
897
799
312
505
419
611
845
524
650
455
863
341
843
7
59
96
658
554
310
853
683
867
655
510
319
653
84
531
919
76
981
323
692
514
577
784
891
552
389
207
763
677
717
48
904
474
164
190
905
45
67
852
188
46
657
728
514
90
776
899
314
21
305
241
193
715
185
208
427
677
116
504
440
455
30
247
758
724
390
106
748
250
75
320
816
510
148
652
345
788
205
721
780
236
151
646
771
139
845
659
861
446
476
14
1
114
228
872
519
651
921
608
186
744
296
780
853
37
319
152
281
822
755
242
805
593
742
449
88
555
957
979
223
923
481
774
877
346
452
887
228
318
52
219
545
564
963
472
104
262
499
382
25
169
998
536
923
873
163
507
203
367
710
368
275
206
779
9
960
592
833
790
887
283
571
401
1
107
299
761
815
867
908
137
30
715
823
742
389
424
438
720
501
368
344
149
857
851
239
999
522
787
703
616
722
202
53
438
791
3
118
349
209
541
315
72
256
355
480
3
852
852
671
704
218
91
498
594
808
395
560
884
207
614
984
320
703
80
965
651
520
239
582
888
483
767
655
944
364
131
622
123
928
714
729
532
798
910
222
69
484
647
903
767
89
440
583
974
908
947
363
515
539
43
378
660
465
315
346
565
521
72
367
376
505
919
169
184
41
587
393
250
336
539
554
628
928
200
783
891
898
373
614
167
74
162
508
294
650
261
995
143
867
244
889
242
387
728
474
916
779
826
365
519
746
570
611
515
344
483
28
221
44
126
836
400
250
73
60
438
472
93
91
829
582
514
799
979
968
341
867
902
458
8
797
150
660
869
610
946
622
538
223
360
146
431
453
958
682
485
382
946
234
800
937
281
238
744
536
231
875
767
38
557
686
203
882
498
695
148
434
746
203
779
184
535
632
793
471
885
102
477
561
316
469
528
947
465
469
528
315
435
811
540
979
413
333
740
218
514
384
171
193
205
918
143
294
462
818
183
25
321
209
153
684
705
79
407
428
610
343
112
648
290
625
685
772
963
492
812
485
482
57
482
941
614
739
491
427
772
425
181
836
567
968
915
375
647
70
374
866
178
941
626
555
869
927
158
894
260
977
354
306
886
454
516
586
588
85
949
222
708
685
527
721
104
606
748
496
458
869
248
527
895
810
645
707
178
835
887
55
757
866
665
608
937
527
723
763
340
731
650
68
458
548
723
76
865
396
846
877
664
604
127
321
345
330
795
929
612
321
235
632
862
116
456
560
975
741
742
338
521
829
210
37
529
726
329
581
370
809
332
598
512
53
314
302
590
451
445
169
129
678
28
5
461
372
369
520
616
375
131
595
715
218
190
561
130
708
849
160
751
82
866
603
810
134
314
705
958
84
804
164
256
813
393
11
796
185
60
54
906
835
671
778
49
894
180
538
100
354
408
223
34
101
4
186
567
250
294
724
258
766
38
47
388
978
379
515
67
659
975
478
312
510
142
13
452
795
869
768
551
480
247
79
408
481
250
535
633
484
257
605
580
229
837
204
356
706
12
306
880
762
663
124
775
767
372
903
810
294
128
703
333
22
814
409
836
585
603
487
596
305
35
792
161
899
386
140
905
112
710
174
810
454
565
963
729
974
819
962
266
139
806
959
741
383
449
338
783
600
387
15
624
232
663
643
56
274
754
146
539
414
464
158
737
295
347
544
862
975
669
407
831
721
957
957
536
874
764
277
967
124
821
990
956
342
476
969
222
819
925
316
918
612
667
662
976
489
329
903
51
420
345
102
29
815
492
481
437
150
282
98
148
86
443
183
860
836
299
507
710
466
497
765
201
847
53
292
861
70
581
530
939
924
122
787
109
624
297
585
432
754
511
346
823
649
231
731
889
138
509
89
289
701
666
229
496
993
891
847
430
646
359
288
918
571
470
390
303
35
742
981
444
497
735
437
156
869
959
116
768
283
247
459
556
893
576
271
984
323
998
127
756
263
55
414
1
165
929
212
434
131
908
969
674
382
700
84
760
485
925
563
88
544
607
461
886
447
757
313
972
335
707
859
461
898
26
489
42
582
573
636
671
439
445
307
383
487
440
550
416
980
305
526
873
828
184
82
450
821
922
267
615
189
773
562
729
917
869
499
2
847
459
106
613
365
661
359
831
315
389
535
618
78
400
970
806
194
42
4
808
674
168
112
705
438
348
988
705
888
741
175
427
46
970
420
200
834
38
893
880
926
865
131
552
818
206
990
141
579
807
433
567
128
98
54
299
752
942
8
795
317
326
226
782
226
826
624
57
297
67
315
221
569
170
915
335
954
302
913
821
807
249
437
391
597
482
133
18
424
524
958
54
971
737
970
428
968
300
582
151
961
494
497
483
269
353
173
672
267
555
974
506
284
588
137
438
364
71
36
165
233
716
843
275
602
817
138
295
837
338
989
584
434
643
765
199
745
907
118
219
223
35
873
446
691
984
409
541
924
613
585
500
410
708
272
936
900
38
290
485
535
424
991
691
456
716
231
771
233
316
27
166
775
443
782
467
851
974
536
729
255
352
810
677
33
819
223
579
481
8
749
151
324
592
507
23
508
768
580
836
470
437
564
952
418
453
69
186
511
542
459
535
737
837
885
458
190
41
63
321
878
729
606
92
39
254
890
667
233
650
553
294
10
557
306
425
717
544
247
700
448
747
370
493
568
964
979
491
451
199
920
84
677
47
98
966
647
298
985
196
336
724
56
69
548
522
136
287
579
296
540
714
694
831
28
525
165
818
13
322
634
266
470
860
762
727
402
247
76
49
365
565
468
603
985
844
480
450
955
540
1
123
70
570
40
492
774
580
722
42
554
586
431
887
315
771
704
709
855
829
398
437
569
567
720
26
230
60
720
436
492
850
969
918
774
313
578
551
140
798
584
479
528
893
136
240
628
375
969
559
277
361
514
907
946
399
772
599
995
35
881
522
793
786
954
599
205
422
451
727
123
131
415
446
545
255
328
878
526
857
950
155
989
700
887
866
875
372
823
269
658
140
318
342
913
473
726
573
131
53
663
158
416
439
377
445
520
107
450
311
471
315
842
242
910
769
145
754
844
385
638
281
442
680
848
214
37
463
566
765
384
532
998
354
705
768
125
244
445
959
346
299
149
586
415
485
293
406
983
296
320
796
564
819
796
746
445
586
310
271
173
797
252
194
386
911
115
880
936
146
660
267
842
288
519
489
783
31
1000
619
76
167
776
863
908
104
817
306
765
195
900
466
476
656
21
843
901
332
714
741
666
290
316
6
349
325
229
733
958
15
661
48
403
361
158
980
125
859
589
400
657
590
837
811
786
394
981
78
852
189
123
26
111
620
351
84
181
743
456
247
719
133
855
831
523
858
473
441
998
552
475
349
871
435
858
167
57
909
293
265
253
864
935
312
173
327
767
382
314
687
147
33
3
842
517
89
516
908
728
321
121
761
729
763
732
3
786
810
77
447
28
614
435
173
376
530
221
106
770
758
277
18
577
837
18
652
490
550
162
681
167
655
715
46
7
155
45
597
537
149
295
141
363
150
22
652
783
174
799
267
384
199
51
513
312
199
251
989
432
766
679
873
441
940
794
759
122
826
255
414
7
533
484
491
508
310
791
386
192
673
732
124
411
820
889
233
657
603
400
709
961
88
972
297
604
182
925
828
944
865
204
808
658
234
909
575
733
162
781
489
839
464
557
74
250
285
335
923
539
916
916
612
199
419
568
717
477
890
67
461
942
437
996
717
866
942
921
193
868
830
295
62
201
273
519
341
818
154
235
855
41
75
110
953
192
354
499
466
889
431
422
373
975
813
253
352
473
513
149
573
538
247
567
561
311
56
374
78
47
27
253
140
723
696
459
294
84
408
682
375
723
470
662
331
410
931
567
578
832
294
223
944
744
737
217
257
598
83
497
560
256
403
566
268
34
835
396
810
151
537
166
499
397
612
124
149
389
572
1000
234
291
927
496
724
346
949
648
835
211
376
992
149
418
739
381
304
747
560
368
809
567
452
330
841
715
525
596
596
143
838
822
247
299
433
412
752
120
185
950
18
652
409
562
357
367
624
570
162
685
337
789
850
987
622
351
29
586
126
902
229
459
978
93
410
454
195
617
342
792
877
750
686
684
616
324
455
712
641
738
651
774
588
831
773
476
721
357
306
193
747
777
471
198
223
63
595
654
736
319
443
148
93
395
166
603
504
92
761
358
112
224
429
217
238
343
760
199
627
817
411
69
963
532
893
84
733
873
630
205
218
597
851
370
889
714
355
382
51
32
261
235
997
557
996
121
941
848
485
636
320
180
293
537
126
304
968
914
708
705
550
908
684
608
693
713
559
455
841
624
294
835
373
359
775
295
880
528
575
782
351
628
415
355
165
443
371
260
610
110
45
238
499
296
284
681
173
261
959
123
281
38
262
17
5
137
853
176
597
836
227
223
326
755
390
678
42
909
931
309
69
133
499
681
673
610
907
519
931
348
169
64
214
93
3
285
13
234
452
449
106
386
961
335
396
452
252
882
104
672
319
56
896
268
970
516
248
305
545
435
319
75
486
596
364
170
233
462
738
513
596
57
935
682
750
417
361
283
760
459
863
535
221
53
558
50
58
600
626
978
52
447
624
735
71
627
590
425
34
441
741
975
273
201
213
827
827
474
459
726
974
221
482
40
198
630
680
749
396
802
691
927
295
729
964
986
585
505
714
544
362
920
782
260
597
866
726
127
317
780
631
30
563
911
887
643
74
876
817
232
393
394
792
932
574
762
314
477
1
628
668
158
910
622
10
552
778
512
144
740
440
768
263
732
950
575
571
538
780
609
175
799
506
86
608
789
906
782
151
576
482
626
706
52
713
880
564
958
909
488
330
471
412
793
723
858
408
595
479
316
330
831
10
707
642
289
220
192
773
837
502
610
164
595
842
146
526
335
144
568
543
68
468
486
57
914
684
319
370
358
220
848
763
334
778
492
397
472
10
526
809
445
37
846
808
858
680
34
410
114
538
967
757
348
620
285
428
927
689
933
489
387
68
742
793
368
491
264
203
633
602
424
153
816
403
783
13
90
831
143
26
522
140
942
16
753
464
896
417
634
977
562
58
741
165
517
419
226
402
938
679
603
640
224
317
472
950
623
670
334
794
324
601
834
166
111
703
264
470
486
326
224
118
975
375
835
961
327
608
555
225
712
552
357
646
144
697
276
617
719
534
619
378
122
554
183
306
432
946
613
554
675
889
59
497
802
232
316
338
209
17
865
598
361
284
354
699
607
867
716
119
66
279
868
404
231
900
326
425
645
963
916
751
777
698
783
868
848
80
745
143
817
448
392
876
580
930
667
205
906
667
690
421
350
745
244
374
419
251
265
480
765
485
352
951
598
531
890
624
415
101
341
260
928
524
789
139
264
209
649
755
732
898
415
464
20
961
115
502
995
99
103
546
915
834
861
770
820
871
262
31
642
131
67
647
608
248
592
74
323
811
31
913
129
821
813
427
857
514
699
716
894
250
628
897
983
431
257
992
284
717
407
182
862
204
518
656
79
720
847
32
479
377
268
519
208
150
142
434
371
687
942
5
443
299
518
851
923
685
694
367
739
610
920
826
854
136
14
685
248
778
520
986
143
788
73
988
973
896
938
457
205
881
496
512
283
491
598
984
518
877
872
804
945
931
519
653
811
949
975
666
533
829
772
74
885
644
995
414
315
545
52
380
759
621
177
91
814
823
429
485
296
390
350
42
971
476
729
672
341
798
312
867
944
173
914
364
455
988
334
209
744
419
361
835
688
754
868
376
426
80
866
654
238
986
537
465
229
698
393
21
544
439
838
947
227
673
97
891
446
775
479
454
74
803
561
441
882
197
966
319
690
930
263
40
70
93
961
453
409
996
613
104
85
841
827
54
628
654
457
356
685
896
41
548
64
631
721
81
204
566
476
545
810
432
456
13
998
476
735
206
683
598
296
621
338
398
434
287
302
520
607
973
435
421
88
800
50
246
84
614
419
219
603
278
552
996
746
920
286
633
353
724
288
331
175
844
915
176
255
129
952
75
947
101
867
106
813
967
444
969
711
928
748
634
862
778
53
512
307
229
951
13
733
661
317
358
481
10
488
288
645
250
174
925
551
278
155
253
336
378
512
177
331
524
504
104
65
611
89
339
373
82
675
399
262
822
373
993
291
866
182
907
735
374
7
329
578
333
695
371
949
518
76
167
202
441
877
555
364
360
845
497
659
918
898
27
381
638
47
370
539
906
638
523
796
653
139
337
77
67
913
49
699
304
488
340
83
610
906
361
90
306
960
864
454
811
895
462
121
324
995
524
795
710
527
997
376
786
121
535
183
99
269
243
44
550
879
513
599
166
590
1000
764
387
550
351
84
656
320
407
960
725
695
348
554
616
543
563
424
583
102
529
323
393
346
168
715
115
527
126
645
611
643
538
513
704
266
663
125
244
889
626
696
692
826
26
475
3
937
222
669
312
625
233
223
296
844
19
886
723
420
160
528
995
946
563
416
139
115
277
14
962
992
604
747
872
833
934
209
108
254
871
492
726
344
291
157
916
188
626
655
673
235
501
342
132
644
164
576
719
714
651
969
682
332
608
443
535
251
408
620
427
672
131
994
439
651
380
348
293
964
713
554
175
804
124
856
596
810
669
228
325
225
787
182
442
987
918
227
534
594
570
797
969
618
136
154
696
668
739
86
79
831
312
470
662
916
785
414
269
207
457
218
147
577
997
398
960
25
819
226
783
796
320
12
627
753
453
572
465
477
495
802
314
150
500
660
679
420
377
601
259
985
848
440
487
667
889
950
472
187
712
288
89
814
552
291
900
94
182
710
570
450
300
962
10
582
375
211
980
614
849
392
513
295
586
533
900
327
511
87
108
148
180
705
332
581
236
224
865
194
30
138
659
908
974
249
655
232
977
312
970
581
983
313
444
451
488
649
395
190
395
458
506
982
549
547
442
579
964
887
418
77
369
45
818
733
361
937
919
830
62
51
587
23
284
99
62
753
50
382
957
898
868
289
589
619
806
497
933
890
419
757
97
114
800
734
326
226
83
821
439
879
662
517
70
159
636
141
187
273
956
459
147
560
51
811
303
895
69
215
449
819
350
254
4
309
753
692
529
294
872
749
86
849
579
202
749
538
277
687
139
197
631
929
56
215
96
440
529
128
617
883
327
977
436
5
272
656
244
371
745
92
533
148
952
587
716
57
200
146
368
12
807
264
748
108
397
34
653
4
147
695
84
30
571
711
936
612
389
420
493
841
366
933
496
181
84
871
356
104
908
280
809
73
909
459
809
366
890
669
925
302
470
862
154
964
991
698
791
581
945
911
513
915
593
733
781
278
950
662
620
640
918
697
257
814
252
979
458
745
223
678
528
623
338
249
921
168
604
88
331
469
952
41
673
492
580
464
485
400
495
513
134
508
495
689
795
811
916
837
8
725
8
361
190
690
800
791
141
268
631
43
495
350
999
578
161
402
89
152
830
303
904
906
681
640
719
30
721
50
330
12
323
422
583
947
526
404
496
339
755
329
867
817
41
347
325
882
930
721
415
487
676
556
330
856
391
307
951
685
980
662
245
906
398
670
298
3
429
485
379
461
421
907
731
659
46
942
767
424
575
483
541
302
652
830
247
976
821
563
26
883
180
544
25
947
762
112
240
846
872
410
94
174
193
162
762
993
782
522
377
119
323
339
110
791
739
564
248
220
773
106
734
830
475
72
989
232
557
554
414
92
482
217
232
998
151
397
750
812
648
581
488
245
217
250
128
56
50
41
330
597
534
692
547
858
492
675
491
374
109
868
180
550
883
679
394
926
441
912
760
199
209
226
793
914
70
446
169
918
384
146
636
485
455
99
810
303
472
398
183
719
653
512
998
510
888
651
511
697
66
320
931
866
415
4
541
934
651
950
665
176
104
788
392
251
18
719
728
391
348
593
526
324
933
523
810
507
688
149
541
276
598
327
466
216
814
110
130
849
820
136
115
809
798
54
987
999
686
712
281
475
70
135
254
350
255
922
348
432
627
105
535
937
400
26
203
470
16
361
914
262
680
573
709
918
154
679
493
995
214
74
331
101
659
4
680
43
708
307
599
769
425
180
269
450
539
122
405
756
973
987
591
484
197
780
40
440
585
628
307
787
386
544
624
596
596
1000
16
276
103
34
657
161
498
546
61
564
481
776
488
704
44
462
253
189
964
57
111
231
624
512
469
29
29
928
928
936
572
313
529
817
940
364
263
490
706
283
357
790
901
284
444
755
959
814
898
712
200
33
529
606
680
268
202
433
343
734
210
965
510
978
870
216
107
264
388
778
159
430
763
200
431
714
146
509
714
962
221
624
438
293
104
272
859
169
894
352
854
836
154
967
610
918
842
460
797
115
29
925
719
977
210
606
52
62
127
231
792
925
732
89
560
182
574
668
238
834
98
1
445
47
579
238
197
343
134
761
281
55
551
224
811
792
92
666
15
865
864
470
247
842
661
173
217
523
115
30
826
392
856
87
636
118
508
99
211
276
927
96
138
371
734
958
487
366
549
201
78
352
599
814
387
328
502
463
819
420
50
855
345
652
888
463
305
753
318
693
282
896
409
864
636
120
454
114
567
644
127
341
726
26
529
556
824
922
628
52
924
278
26
815
358
38
666
842
892
865
417
438
491
272
258
704
219
413
541
557
790
668
865
832
385
286
593
59
551
106
594
56
332
987
799
466
12
125
489
346
759
330
242
854
961
628
327
70
59
894
700
862
914
962
339
960
5
310
618
209
174
488
155
522
460
413
470
350
495
494
393
432
53
496
813
8
548
650
1000
929
4
129
607
739
118
102
741
235
56
982
411
13
51
610
319
543
673
276
170
845
130
857
413
741
28
717
902
995
893
453
748
548
593
41
571
833
963
110
205
61
330
84
955
588
382
437
593
64
89
926
343
304
368
581
660
150
265
519
84
360
114
768
341
641
534
601
193
342
278
209
146
5
737
660
197
205
186
959
828
590
424
848
48
882
906
174
385
209
77
764
321
221
648
801
272
317
936
35
728
599
385
310
661
683
348
48
189
306
95
997
472
271
721
616
839
184
219
56
996
645
242
761
484
1
364
687
418
328
929
421
931
173
43
111
665
348
238
371
870
302
515
347
905
984
207
408
615
171
642
607
303
257
331
902
946
933
797
6
218
749
588
269
181
220
751
229
56
182
593
792
516
293
31
871
625
421
478
8
287
598
342
610
353
36
93
854
788
15
578
178
112
587
89
875
455
301
715
203
109
579
680
304
255
778
614
414
177
686
803
648
501
493
789
618
663
40
844
62
48
512
111
191
245
270
493
8
876
695
821
361
981
262
207
767
730
997
930
790
356
612
591
47
37
671
120
204
380
588
480
639
672
589
734
169
816
272
973
170
578
742
576
90
799
264
664
186
342
416
688
644
102
487
960
393
826
543
605
484
267
905
596
189
818
250
443
573
243
893
522
16
179
110
455
579
952
367
583
701
583
514
80
96
184
214
770
695
407
819
840
715
421
584
923
189
306
200
691
781
311
731
487
612
298
385
159
945
785
851
505
386
870
104
453
762
603
504
805
680
837
509
101
283
539
590
758
296
924
246
567
288
53
772
256
537
46
765
664
343
305
6
604
798
780
366
156
723
199
41
375
472
271
956
29
841
595
742
731
72
980
217
297
333
128
252
718
409
257
545
553
124
387
848
168
445
151
695
978
225
66
992
908
851
599
273
1000
671
663
681
789
431
528
166
953
759
860
413
589
868
984
309
296
53
749
49
475
343
558
426
957
91
685
296
204
289
608
924
37
876
165
955
750
979
57
590
35
927
104
666
501
760
608
576
885
264
533
741
985
103
453
836
224
770
335
196
401
493
634
351
204
42
697
388
119
367
440
890
156
869
835
384
782
947
123
920
539
625
135
522
746
94
757
233
384
888
295
33
591
29
880
52
298
579
499
273
494
452
91
13
18
543
220
771
1000
181
154
396
225
506
36
51
135
209
283
659
723
261
378
592
71
447
587
422
81
662
863
581
487
546
201
264
368
862
463
780
332
166
872
120
413
614
816
47
197
566
774
145
751
356
702
49
598
155
742
162
377
354
812
720
625
449
134
833
375
418
601
581
923
618
382
357
530
108
56
509
716
190
373
135
91
457
522
528
153
550
156
34
718
952
102
605
62
445
302
987
698
259
359
41
913
902
978
995
162
314
391
793
663
101
622
723
699
397
346
691
261
230
498
578
646
497
798
172
449
503
88
691
85
98
654
939
128
786
229
57
384
40
313
75
511
38
795
253
563
434
980
557
393
768
740
198
963
931
573
658
571
951
300
211
225
781
886
180
130
42
243
83
184
866
121
935
493
793
621
53
42
173
399
797
849
553
410
980
394
978
23
299
137
523
583
964
371
811
636
142
624
220
526
312
354
72
121
734
614
755
174
850
585
973
816
153
605
815
897
661
105
801
66
948
423
19
671
811
522
453
680
969
441
290
397
153
660
865
113
139
248
797
246
831
945
655
334
416
647
687
280
443
382
517
729
386
373
231
819
430
719
63
285
316
873
151
222
615
476
469
208
35
871
719
952
58
233
426
603
627
210
928
809
619
640
732
696
651
217
299
310
959
429
415
865
160
865
732
759
367
57
776
857
411
662
80
986
316
930
97
550
360
612
744
819
397
330
818
547
739
519
313
749
702
791
926
638
221
678
788
686
845
534
65
818
989
548
629
507
760
813
597
795
14
858
240
83
706
202
569
905
996
469
572
960
626
368
736
588
382
909
757
532
95
676
949
756
506
400
98
643
139
363
606
721
216
671
180
62
464
561
404
347
258
830
207
323
250
29
97
218
688
327
606
155
577
366
827
442
987
103
145
872
566
893
92
803
101
74
137
529
136
862
944
581
363
233
840
289
666
735
830
375
826
556
888
341
450
380
72
767
742
776
350
794
930
266
43
779
308
511
108
336
244
115
591
63
816
133
761
216
930
74
305
810
567
763
484
236
536
54
368
720
99
869
49
383
161
723
888
645
926
323
721
646
712
952
242
341
826
234
521
829
14
199
329
784
804
402
627
135
193
791
210
69
970
697
155
31
452
47
238
874
884
399
867
537
160
224
913
901
870
546
967
904
612
793
534
246
741
832
215
60
636
519
561
8
33
665
865
334
729
880
7
940
49
961
705
361
485
950
643
305
385
884
667
693
410
485
819
464
418
670
518
53
20
775
914
838
480
990
397
509
274
195
664
28
798
25
27
46
971
453
13
294
955
23
180
114
943
927
539
654
835
616
257
983
919
473
217
472
450
26
691
603
461
625
723
536
5
568
802
630
836
26
686
759
288
748
232
961
534
239
797
106
149
302
280
969
224
46
961
167
734
250
310
864
848
989
693
90
907
181
784
822
793
636
310
283
685
593
963
678
942
558
504
203
154
825
997
100
414
863
995
633
699
331
926
914
682
795
33
352
60
369
744
14
711
525
165
582
204
148
52
86
50
511
302
563
350
289
590
471
796
933
926
174
313
1
692
819
251
480
682
693
737
200
6
267
505
475
303
137
227
226
352
364
388
517
768
633
130
865
821
842
508
27
1000
646
861
399
130
374
737
398
322
979
131
616
286
980
151
908
854
806
455
746
577
247
211
405
37
765
838
529
43
635
248
750
568
75
844
541
223
850
818
886
360
874
592
881
948
16
437
315
559
173
899
295
476
835
507
42
489
314
438
61
372
673
158
931
87
218
280
691
78
350
813
346
632
965
191
729
472
602
642
72
268
411
358
624
377
590
764
519
560
346
607
917
38
196
484
377
595
973
462
313
706
9
587
153
293
804
307
155
919
536
386
34
512
929
601
460
675
999
928
346
644
477
47
621
668
647
387
685
858
70
469
148
646
480
152
262
692
761
137
206
195
811
151
316
257
979
93
435
335
722
668
666
912
285
533
152
941
112
788
411
910
178
849
784
404
361
137
379
750
628
332
511
713
661
548
330
893
73
390
754
423
164
955
64
281
249
768
886
683
381
262
655
518
399
595
768
558
173
165
190
514
782
566
433
945
426
77
737
539
914
117
57
432
692
981
17
914
66
628
262
79
64
204
823
494
341
247
796
981
200
661
712
268
445
607
707
887
427
968
694
750
25
855
117
885
841
795
122
368
936
681
479
547
26
182
68
960
305
541
118
147
460
248
634
665
429
395
359
814
244
331
879
300
641
334
228
503
535
451
610
979
513
497
450
64
177
109
285
250
226
240
588
423
613
543
576
990
891
684
889
746
851
322
787
994
202
1000
179
31
657
19
795
88
377
388
894
954
989
152
151
615
812
556
450
878
606
289
555
443
112
550
239
890
413
469
202
171
776
772
425
142
991
578
168
840
24
4
971
242
966
506
577
651
120
745
753
698
148
393
743
302
944
384
506
455
381
407
156
397
889
996
564
247
768
342
726
39
570
702
724
904
578
785
631
522
131
715
704
266
11
365
364
876
336
391
985
372
459
805
37
396
495
863
90
79
535
595
361
33
331
380
645
976
70
870
732
244
447
57
829
224
460
858
818
500
628
580
890
375
634
428
919
393
403
946
200
443
635
223
49
965
277
870
966
940
931
909
277
409
605
944
113
983
116
912
881
883
48
380
319
434
780
186
249
556
361
70
498
843
332
438
871
106
221
277
353
478
553
677
452
913
566
540
800
171
324
283
75
783
413
648
514
692
244
10
586
575
498
418
727
477
715
399
45
166
917
473
152
362
178
662
776
259
260
772
433
965
122
504
960
552
663
362
946
949
932
825
98
854
44
144
298
950
289
762
845
964
364
353
886
53
432
450
60
230
631
949
388
384
777
193
918
991
124
703
374
759
382
755
468
635
429
150
247
907
927
845
258
111
175
749
199
224
236
273
620
629
743
687
360
246
153
702
461
817
785
235
119
749
488
713
612
222
499
330
340
155
582
550
489
760
357
226
497
790
116
432
109
362
428
370
505
203
249
390
138
557
359
761
375
728
969
456
492
720
467
666
494
993
606
573
611
690
656
98
612
320
612
663
649
398
243
345
195
217
163
873
439
248
171
913
927
435
375
451
717
9
623
645
261
283
127
181
509
13
687
396
404
718
183
998
689
628
406
7
33
329
415
150
427
985
10
942
829
20
249
697
980
995
862
403
189
288
535
990
37
774
906
621
763
133
338
917
525
62
891
945
320
774
507
315
845
402
488
841
13
829
894
487
282
714
635
698
941
924
17
416
791
580
182
575
261
545
832
202
207
79
41
796
19
136
302
888
340
463
305
120
638
649
758
304
465
727
315
188
630
244
181
980
577
81
592
456
757
869
593
835
78
631
746
668
774
555
660
846
204
127
126
726
267
766
946
260
270
350
412
242
576
519
339
794
14
3
294
578
995
927
235
796
445
950
758
482
913
867
289
798
152
301
384
35
160
423
711
857
209
813
517
278
405
517
437
58
290
534
72
152
904
722
747
423
931
651
255
581
290
840
598
584
886
563
950
751
641
70
278
488
318
451
705
475
291
158
280
668
386
854
365
672
139
161
107
601
272
897
159
85
586
782
388
352
73
778
930
894
445
35
670
564
901
463
200
709
532
640
487
338
984
551
649
653
808
790
740
138
134
629
987
173
771
781
274
922
704
484
956
93
523
143
901
452
950
27
700
943
115
589
411
239
271
814
617
609
685
742
240
293
797
231
654
458
354
625
61
323
174
846
372
31
91
497
65
646
7
266
461
661
542
946
241
6
791
51
954
316
191
99
546
107
355
499
182
889
947
515
179
149
330
366
532
438
807
804
968
330
976
509
115
61
825
44
355
889
299
895
976
78
10
258
585
599
138
250
517
611
586
816
786
102
278
603
5
268
96
107
502
288
673
430
996
750
801
628
47
414
835
994
890
289
47
119
915
266
857
753
325
447
203
90
690
955
237
749
771
73
821
326
564
157
848
63
458
91
996
634
330
270
891
804
143
794
602
750
297
134
995
461
16
576
34
456
850
329
610
279
26
205
927
191
585
966
583
172
435
663
921
772
941
502
154
678
831
424
59
70
43
432
559
82
814
560
843
191
727
451
216
479
520
659
216
994
143
240
534
744
397
774
610
251
415
209
773
302
919
351
552
550
659
449
601
300
315
448
602
91
858
36
268
244
172
373
42
159
554
217
473
869
142
412
171
137
471
289
985
731
195
443
191
805
774
953
159
16
97
816
111
870
463
113
596
119
907
145
137
541
720
656
483
588
791
880
137
440
30
79
161
593
479
665
37
927
443
312
459
388
157
234
125
11
345
463
498
100
912
1000
839
857
470
675
687
96
135
223
922
74
888
786
620
198
497
239
376
179
718
116
197
629
178
275
530
92
789
310
436
970
552
944
670
278
848
885
55
109
634
147
24
783
139
683
650
653
371
176
890
921
609
271
793
773
286
75
726
616
94
352
980
673
115
478
900
594
837
308
739
822
816
806
351
127
16
412
489
607
413
772
576
17
493
349
677
689
544
379
137
462
355
769
745
805
284
25
359
864
302
66
603
943
30
335
394
334
621
115
170
784
735
520
679
246
734
972
10
154
697
217
976
350
638
436
330
343
125
384
178
542
284
342
655
213
486
145
396
362
444
477
866
318
579
341
432
512
696
429
552
6
968
650
516
682
761
141
433
319
724
802
417
491
497
255
582
187
535
844
699
941
206
380
416
903
117
65
161
149
945
990
761
158
241
254
126
274
690
638
292
459
134
66
668
670
984
283
79
275
371
649
106
842
902
29
710
894
437
717
737
466
148
723
967
384
443
828
700
843
498
757
423
484
274
776
799
363
106
3
285
292
505
943
410
490
4
241
282
797
62
185
4
224
80
171
385
854
234
970
344
453
509
62
21
306
565
609
215
543
785
983
473
579
278
858
608
791
536
570
66
955
998
553
584
974
177
590
882
920
170
772
234
441
306
899
187
870
174
101
88
515
341
978
852
747
10
489
263
43
287
228
674
110
421
825
889
589
118
17
796
924
872
476
528
839
805
482
439
416
993
93
277
216
828
569
376
115
831
659
689
879
241
312
406
409
157
896
700
259
626
45
378
773
737
662
571
671
481
390
524
482
169
421
428
295
728
743
803
460
793
856
823
474
553
227
625
977
624
489
389
889
20
94
409
558
545
657
671
291
778
382
675
140
157
657
229
624
470
857
86
780
951
806
548
970
163
347
461
79
877
534
672
592
176
277
678
856
102
780
871
276
727
908
557
977
245
261
28
600
336
615
794
785
74
515
707
954
554
617
728
796
23
337
131
265
93
465
957
424
711
105
439
410
68
538
372
682
388
998
627
25
488
973
591
879
880
121
387
759
615
649
364
315
547
721
410
89
344
896
580
89
188
392
674
412
145
668
632
900
5
467
379
118
819
9
870
880
608
269
115
48
397
54
91
262
181
132
445
882
737
91
650
848
61
17
935
104
295
688
290
177
528
227
561
637
582
353
403
130
693
707
153
911
321
538
325
800
51
302
279
182
482
983
594
885
341
520
783
175
990
9
606
15
546
457
382
521
66
989
910
952
473
787
633
922
771
205
847
999
339
132
732
610
528
752
446
117
132
741
13
120
714
585
487
564
104
891
683
198
878
282
291
629
555
275
186
254
183
437
988
280
315
297
8
491
946
213
619
464
186
138
384
908
635
346
946
877
986
907
472
715
170
569
124
541
625
67
772
257
409
713
207
195
160
37
624
885
27
399
674
928
265
499
921
978
228
661
813
394
816
126
543
161
762
292
860
753
357
415
886
984
357
249
173
216
289
914
188
376
803
923
391
488
528
511
418
269
47
204
775
937
375
991
122
308
927
52
891
935
714
976
17
923
241
115
671
258
537
75
983
691
511
82
137
887
342
792
323
743
505
99
982
212
216
246
918
828
547
547
834
420
701
397
470
270
190
485
830
616
5
319
631
822
538
193
767
147
209
468
977
942
776
878
967
314
656
891
707
664
260
22
838
365
886
354
917
513
431
354
966
124
598
312
385
685
214
683
631
591
765
145
71
121
660
628
123
637
802
120
873
203
563
483
689
715
618
484
939
929
889
429
319
9
423
49
592
485
666
382
78
564
180
678
201
220
578
483
908
681
168
53
247
628
530
27
831
474
130
142
739
688
80
554
735
815
172
487
865
2
113
381
269
434
742
783
409
570
971
894
488
723
560
610
671
266
760
422
582
112
209
677
803
339
606
538
576
470
544
476
846
227
68
262
412
79
5
394
490
113
835
896
679
528
918
224
698
262
297
681
295
58
198
990
130
712
105
351
4
365
676
276
610
946
45
910
359
881
908
770
801
435
407
144
538
28
622
10
404
918
959
988
847
226
969
280
995
311
650
239
711
651
121
741
431
8
70
216
300
40
253
402
927
723
658
707
433
19
383
133
851
292
300
450
538
324
342
862
521
587
726
767
295
451
993
227
921
994
864
770
94
28
822
52
577
813
345
500
955
676
140
805
647
725
152
962
726
551
162
727
622
844
110
953
878
94
933
304
778
868
679
198
632
817
398
618
241
500
207
145
296
185
251
316
563
838
823
779
357
771
289
452
280
602
55
454
812
315
459
975
40
431
266
1000
211
855
206
109
797
720
680
668
174
78
997
288
305
459
529
508
502
493
278
848
782
966
687
657
620
6
735
217
882
506
656
907
205
703
443
866
645
288
133
661
918
410
939
246
198
111
614
475
318
483
195
929
799
60
855
534
995
947
398
806
109
489
286
988
32
755
478
117
916
644
383
417
631
602
995
360
373
494
687
575
809
213
594
667
35
215
550
82
265
858
721
582
436
987
383
651
439
812
194
150
448
479
789
913
277
452
743
975
360
61
447
429
117
828
871
709
706
25
250
949
776
357
860
802
302
419
267
894
576
173
153
956
389
970
221
196
53
616
849
369
889
746
867
286
706
905
790
545
243
523
68
776
734
296
478
785
242
586
775
744
223
850
491
798
707
534
354
872
365
41
15
850
28
999
7
317
966
796
204
736
251
615
22
64
780
344
843
845
456
243
806
345
937
443
727
812
872
253
883
701
125
584
504
509
466
358
120
889
729
143
26
117
827
474
21
753
125
72
585
727
99
63
801
233
886
798
790
360
90
526
536
296
884
542
726
83
775
672
324
432
60
850
767
919
193
881
674
394
304
419
395
92
411
882
308
916
442
466
234
802
575
613
877
200
671
796
541
156
607
329
512
151
479
172
42
104
78
701
473
897
22
733
490
723
191
587
191
356
524
315
732
154
914
569
453
793
621
296
688
658
146
762
850
300
413
325
801
592
621
112
231
883
753
402
756
582
612
971
511
912
157
200
212
867
274
631
405
27
118
594
958
329
748
150
225
371
636
538
801
209
862
142
944
971
963
683
880
158
501
811
808
728
421
934
363
300
696
982
506
99
581
423
149
74
211
878
72
754
252
128
647
734
349
546
279
693
131
578
888
975
577
360
742
568
988
431
819
250
310
989
690
774
225
324
157
896
927
654
975
516
622
284
733
628
838
477
309
319
758
708
976
866
689
882
812
454
775
462
910
850
95
71
513
634
498
138
115
961
623
508
161
576
696
742
468
221
32
363
223
269
193
577
420
569
976
867
629
278
850
145
933
848
603
918
960
592
612
478
323
765
687
277
228
422
717
639
899
472
618
66
905
593
466
785
409
394
893
441
61
167
10
367
370
294
789
785
43
735
695
162
469
511
819
432
204
783
340
278
926
925
124
180
16
48
443
466
696
702
429
157
109
604
305
484
193
236
146
555
560
214
166
346
220
531
411
704
727
353
83
694
852
315
526
333
323
830
454
994
845
863
902
792
734
799
867
943
493
414
449
10
140
723
997
887
360
224
586
922
837
556
936
408
650
57
956
375
390
739
641
786
462
426
347
297
173
891
896
306
218
52
646
609
958
406
933
474
324
59
281
937
851
365
147
878
510
636
827
722
799
137
933
728
767
799
44
96
670
102
577
553
254
82
428
930
571
583
359
862
510
755
761
43
609
638
833
774
478
110
793
212
472
249
567
577
378
896
348
269
550
368
664
406
580
249
713
205
268
258
220
426
178
628
980
394
54
694
412
73
527
442
861
14
281
946
152
808
916
113
886
859
488
28
957
290
690
571
972
14
761
539
355
213
867
940
678
59
603
896
851
412
3
548
470
4
845
771
573
967
786
708
489
849
606
646
321
453
851
712
502
464
490
498
516
414
3
107
181
161
321
844
316
124
755
185
174
123
536
677
759
845
443
22
869
886
716
623
555
905
907
527
292
237
68
320
941
818
401
760
168
725
557
958
996
3
376
208
476
550
655
353
353
758
973
34
739
187
690
976
415
523
797
846
321
193
283
182
831
651
655
918
153
243
714
868
383
100
476
947
105
491
637
284
240
202
748
665
6
926
56
965
770
170
85
139
324
449
595
28
427
556
815
112
526
772
195
488
74
136
331
785
876
526
859
820
404
146
725
398
11
878
767
164
575
500
859
590
174
647
501
768
393
363
339
192
324
673
805
617
423
990
207
154
576
377
713
363
526
435
885
994
907
408
232
900
221
156
445
664
580
308
645
633
360
481
933
399
574
384
771
217
361
32
468
721
575
372
856
366
451
264
26
662
696
430
862
105
83
219
334
18
554
804
577
947
98
199
625
300
278
493
976
330
556
689
581
251
447
267
468
675
67
985
731
47
677
133
29
972
416
376
397
373
4
60
110
190
131
974
989
550
869
835
430
754
437
377
758
313
437
693
422
966
753
364
660
305
870
34
249
410
898
143
874
786
483
925
18
893
508
899
867
68
743
407
379
739
646
942
938
724
959
829
373
719
438
114
371
324
51
775
142
453
795
864
876
767
306
906
989
590
149
43
923
846
940
203
952
339
831
491
414
294
367
528
731
596
479
795
162
685
910
922
724
152
288
713
698
324
362
223
436
791
719
402
761
749
960
245
385
513
620
762
981
695
21
289
145
978
633
562
51
662
502
899
754
626
15
623
579
602
391
538
774
579
92
541
254
20
329
601
688
983
51
938
472
272
806
974
863
629
453
520
703
424
153
699
600
881
996
781
236
436
24
378
23
127
812
663
40
236
102
193
340
549
466
312
354
698
611
323
118
843
187
262
920
9
967
838
401
521
60
770
595
1000
739
400
161
109
774
845
268
768
562
467
680
821
234
843
441
933
546
326
277
888
871
310
72
15
702
76
525
583
983
323
991
141
892
280
745
545
62
22
728
90
802
1
208
580
886
154
916
513
780
830
330
458
415
1000
641
395
606
779
529
512
884
209
864
373
668
569
741
287
254
230
192
750
711
597
659
458
135
629
635
34
997
530
422
8
107
18
834
833
167
175
377
399
12
175
130
744
207
941
31
839
175
84
928
25
404
812
50
351
394
655
295
526
115
524
28
382
759
756
722
158
149
380
249
360
89
433
643
135
183
460
502
348
56
284
86
494
158
813
485
556
703
825
450
213
260
329
989
631
623
15
26
169
32
690
686
564
544
656
317
494
898
298
147
730
157
579
775
226
972
221
170
233
574
599
923
376
234
45
275
526
519
589
160
183
222
334
495
226
570
321
734
659
197
59
362
618
804
568
948
221
969
185
547
515
27
772
782
91
416
351
263
43
290
647
997
919
539
114
837
885
206
533
281
639
666
271
50
574
674
19
479
204
122
731
190
943
299
261
914
984
307
959
220
345
745
393
482
208
403
911
781
637
509
328
693
651
322
713
523
306
274
9
172
204
369
391
620
709
40
376
318
407
897
5
106
78
475
551
736
293
518
908
558
73
42
96
472
451
927
566
863
294
376
159
921
493
10
345
627
222
775
80
584
173
885
665
154
2
517
446
828
114
966
91
939
913
323
111
18
452
286
560
242
719
456
477
286
747
171
950
636
611
857
779
721
108
756
522
660
621
773
746
842
777
46
902
347
902
23
106
826
608
590
823
338
402
458
806
317
864
463
16
514
358
927
832
732
245
136
52
119
213
99
891
496
876
40
357
259
376
96
323
666
646
195
542
928
576
140
351
559
423
180
995
861
917
957
486
181
780
175
768
35
104
828
411
180
636
904
473
124
459
944
661
550
635
303
653
630
499
732
410
50
393
327
722
645
74
415
662
805
235
298
53
159
255
844
829
414
512
154
82
756
225
997
747
67
333
619
966
683
18
737
378
476
396
430
92
302
450
534
366
497
19
73
251
741
754
688
112
610
333
690
598
575
233
14
839
218
123
21
663
667
406
702
940
758
809
812
969
876
967
543
898
525
271
597
97
437
630
920
66
875
4
562
559
519
750
180
614
86
579
96
33
110
109
313
652
99
930
567
775
327
68
955
921
210
359
833
371
817
97
719
909
223
249
221
773
590
857
949
690
699
736
340
318
98
43
699
210
613
733
915
791
433
390
508
282
31
893
93
98
253
887
59
628
699
472
161
353
37
330
443
742
898
319
73
324
988
461
378
379
172
110
863
469
632
66
261
795
56
530
167
217
237
184
749
99
295
390
522
910
271
498
148
672
541
602
474
804
635
729
292
576
443
203
102
533
145
7
563
916
822
142
132
430
519
450
915
988
404
288
63
253
551
442
358
78
906
30
54
340
571
199
294
201
335
327
178
442
998
471
770
942
365
771
142
20
620
548
725
431
578
404
122
83
863
399
370
601
862
988
190
892
657
703
256
668
653
577
731
188
484
106
362
868
760
964
904
214
427
258
176
553
999
98
760
429
220
343
544
675
484
289
434
492
924
84
396
998
836
344
4
134
652
406
507
356
2
850
352
852
99
360
599
232
911
566
144
911
978
62
799
605
100
473
695
737
630
951
564
982
463
219
446
244
456
790
934
174
995
90
611
284
293
636
527
499
147
39
598
70
893
249
900
821
123
47
527
367
785
860
120
76
821
40
603
79
966
982
643
613
990
64
478
42
485
633
466
489
327
962
274
263
602
810
92
4
600
415
445
717
122
590
511
157
470
12
332
707
739
668
885
814
677
594
856
458
270
158
2
806
627
105
867
322
359
181
739
438
506
909
526
585
165
153
749
264
710
849
377
398
701
551
627
201
983
196
446
844
287
502
214
747
327
133
243
842
562
342
461
361
36
173
81
714
91
464
832
644
694
384
49
835
210
787
258
399
800
384
739
401
583
572
636
560
129
454
30
829
256
469
79
240
940
783
863
241
671
734
99
396
536
864
237
948
210
462
434
250
156
720
271
903
514
119
917
911
866
748
294
477
883
800
629
742
288
882
705
912
853
224
259
430
440
59
680
400
713
338
719
829
468
843
722
590
708
38
90
221
861
446
618
682
703
590
960
348
466
269
876
304
219
219
863
333
536
608
521
389
303
272
589
999
449
419
715
49
355
970
262
707
230
874
45
461
936
579
378
246
42
49
718
255
741
568
74
272
829
364
935
827
633
497
332
759
372
776
627
935
672
746
57
522
885
973
703
207
158
618
335
14
229
689
611
621
445
655
503
897
67
911
142
422
572
124
451
158
537
718
913
831
698
690
589
688
882
262
531
236
514
366
526
440
289
801
674
198
520
552
262
608
568
188
140
905
293
580
258
122
524
27
871
369
140
1000
847
615
827
428
792
991
325
115
633
878
858
324
905
1
482
832
585
743
668
267
283
186
621
526
791
322
564
327
68
58
863
379
507
610
847
306
465
899
780
629
832
373
696
445
495
111
871
455
733
208
328
512
95
721
85
66
412
878
402
81
903
185
359
289
881
706
1000
880
47
149
236
737
317
418
585
822
763
539
856
891
341
165
285
991
399
613
867
938
546
943
710
787
737
524
83
235
277
810
165
716
897
103
343
973
288
812
738
511
745
263
809
641
788
601
822
517
387
359
310
366
414
16
768
345
339
168
312
900
6
704
711
858
355
157
631
219
738
839
154
111
146
834
716
393
691
502
97
130
949
672
999
654
788
448
351
311
255
923
861
839
132
957
267
555
921
222
909
277
776
580
906
692
800
986
436
470
673
765
285
575
311
992
718
320
15
119
402
285
110
493
296
752
260
591
609
606
538
945
642
312
859
935
958
646
844
694
602
904
803
334
17
467
961
855
152
671
877
443
84
231
778
353
504
259
872
340
960
410
552
517
701
158
233
67
425
517
284
531
106
513
317
618
847
924
498
880
844
556
18
891
396
666
422
456
29
492
889
533
658
244
572
654
125
147
685
439
896
94
275
304
132
989
869
92
880
700
345
114
489
362
830
91
377
606
810
691
708
758
925
993
774
878
507
206
679
429
941
137
60
801
803
177
3
731
287
920
223
399
112
81
451
264
653
104
589
790
530
972
297
892
902
39
84
914
719
602
306
887
331
915
212
223
77
525
42
64
206
158
300
177
477
128
418
187
572
619
878
545
46
179
1
209
60
193
487
993
101
987
147
467
714
452
813
53
441
692
432
698
834
816
960
250
288
282
880
731
391
215
740
890
143
138
789
607
90
873
250
786
465
786
357
591
32
150
783
20
851
831
743
675
201
325
475
571
281
909
839
505
288
372
855
750
908
284
78
933
700
462
179
445
773
42
533
576
717
448
999
927
106
505
996
57
594
694
919
634
801
527
223
180
139
947
166
680
583
5
702
964
25
424
209
870
380
901
292
915
249
317
39
200
395
410
89
139
600
701
247
982
121
814
700
972
80
865
967
81
946
465
664
422
292
451
960
707
914
902
981
321
564
999
132
800
384
822
712
499
745
963
656
2
822
637
592
880
919
609
828
144
430
367
155
173
447
546
181
622
9
38
703
786
222
406
531
307
253
571
734
745
620
765
666
621
577
565
726
63
638
96
74
45
798
196
163
251
113
10
806
220
493
57
275
686
870
644
710
569
414
791
397
651
223
268
418
594
822
490
221
879
169
459
362
74
1
70
136
357
492
763
342
675
542
247
369
330
49
730
335
99
183
974
25
314
712
402
772
411
353
412
759
212
923
556
203
815
76
502
381
17
352
246
860
542
232
126
441
755
261
442
42
781
418
412
692
414
805
978
722
320
578
628
136
87
601
90
170
247
963
513
663
940
83
455
637
456
147
305
484
10
936
28
806
927
155
488
91
629
490
957
365
22
800
653
603
783
574
105
38
610
896
168
323
505
795
369
228
979
64
943
969
418
823
147
854
933
408
277
569
315
709
594
831
673
685
655
677
808
6
142
111
206
779
115
923
30
217
430
890
594
239
886
318
16
934
954
500
241
759
216
732
657
471
45
802
644
871
920
282
271
469
318
601
852
154
717
392
16
501
686
781
80
909
913
714
916
706
797
876
297
561
756
38
111
933
370
63
152
402
435
92
988
283
307
801
745
45
974
265
998
634
614
662
38
457
81
562
796
91
488
428
981
573
257
540
845
621
516
312
625
409
14
755
254
550
128
840
580
150
761
95
594
176
745
682
1000
699
940
482
275
800
783
12
66
804
754
255
377
155
184
235
546
407
46
961
496
721
107
863
212
242
528
66
480
587
94
613
974
342
92
346
706
525
678
811
559
404
342
761
566
29
913
561
374
236
726
372
713
320
928
215
353
411
363
463
231
90
339
126
364
575
598
39
290
963
814
894
248
450
75
809
727
199
389
167
476
39
62
372
820
457
875
3
912
363
220
455
403
322
124
692
769
576
315
316
125
668
291
607
832
906
842
430
683
158
916
728
317
580
713
471
479
284
449
976
512
533
324
764
535
6
594
856
954
108
955
365
303
922
492
888
757
604
952
194
668
795
187
523
484
530
473
477
868
629
722
977
665
220
319
27
191
892
483
971
257
179
820
423
33
654
878
175
426
655
268
472
143
877
1
460
493
68
347
663
699
959
81
256
307
259
74
921
946
193
984
324
233
781
600
323
113
447
246
193
284
167
972
81
930
614
164
279
501
674
743
426
977
190
404
840
158
932
711
81
6
36
674
986
387
629
445
169
214
691
352
135
555
11
362
172
561
294
1
40
750
943
456
51
414
178
490
109
989
392
402
361
60
81
36
696
335
264
866
381
686
781
196
522
105
650
605
271
862
831
688
177
857
576
316
205
826
626
1
112
318
148
379
604
401
188
712
736
220
644
197
960
30
202
228
47
61
713
466
467
773
863
326
71
50
488
253
280
454
600
796
680
482
507
736
257
497
573
580
101
906
32
953
461
651
1000
8
584
659
533
914
45
173
942
74
210
274
69
23
334
450
843
197
923
1000
437
964
918
560
997
660
990
114
405
706
699
568
705
112
182
581
764
219
54
561
366
613
521
31
58
562
798
853
496
431
61
221
257
812
955
921
778
884
715
270
312
851
260
413
802
366
182
362
378
899
74
817
461
887
309
681
318
78
471
193
34
437
235
218
62
435
956
298
88
313
470
186
441
743
891
308
669
311
381
657
548
425
465
430
705
935
755
327
319
467
300
641
242
342
140
630
208
865
28
633
655
584
890
992
101
843
334
88
204
896
50
681
591
245
991
696
210
206
214
942
732
374
911
405
275
515
575
848
979
646
960
585
658
103
515
664
666
204
81
778
246
743
311
936
445
542
528
195
894
554
894
798
435
822
746
44
37
260
81
747
207
795
467
103
130
446
459
824
408
85
932
941
795
261
988
523
384
512
137
314
593
198
621
443
245
486
361
941
450
581
760
88
820
731
516
36
804
981
309
904
168
968
63
883
685
572
751
74
955
128
267
379
805
200
92
631
911
233
715
774
436
896
198
312
880
943
339
488
356
956
626
48
712
359
150
180
412
223
948
31
675
278
543
963
886
198
189
236
87
774
919
412
277
516
939
773
839
724
809
743
47
911
999
890
153
297
561
913
384
922
815
519
95
575
348
61
333
538
683
846
900
398
231
85
759
280
511
460
977
191
214
996
738
253
917
398
673
530
195
418
266
443
195
612
382
580
398
597
303
490
221
266
11
1
456
959
905
308
722
871
742
611
101
857
737
551
15
837
273
396
367
630
709
555
433
930
103
962
244
247
656
633
728
898
221
484
328
580
603
578
716
451
374
283
727
225
674
706
392
717
729
579
379
821
564
595
665
932
1000
838
414
268
493
853
662
493
879
708
760
560
720
292
987
606
635
856
916
702
318
368
11
621
891
989
367
818
936
616
187
441
566
550
914
172
888
922
191
139
453
222
959
997
833
684
69
547
944
88
265
258
903
168
16
550
897
316
599
512
522
140
645
721
997
161
658
977
544
332
389
927
332
601
155
586
888
672
579
180
761
773
164
162
436
642
756
73
792
913
892
425
45
126
64
24
101
362
937
20
855
310
755
999
215
166
522
478
624
808
578
909
241
748
507
607
210
738
635
205
394
199
676
691
240
440
264
288
617
587
113
651
917
713
373
542
258
536
686
755
401
848
60
529
624
13
619
868
628
162
52
934
999
54
200
83
100
960
366
904
873
408
805
893
686
845
471
748
105
122
905
893
383
996
744
44
756
704
475
163
977
548
675
187
913
837
158
331
666
466
346
803
593
894
459
531
688
406
164
301
966
587
938
618
861
396
442
490
580
650
80
181
802
175
206
805
708
118
596
521
98
135
902
719
227
605
352
948
726
911
405
302
508
267
369
958
242
288
834
65
346
654
572
82
526
261
674
626
790
388
314
886
614
797
217
461
671
388
264
158
938
992
211
750
823
328
158
685
370
474
706
926
999
128
760
345
55
149
935
340
951
412
321
316
472
461
302
305
19
480
597
538
286
672
603
23
747
926
91
353
680
48
207
780
520
750
31
473
713
334
979
448
24
375
642
990
444
865
216
57
272
660
351
613
975
842
267
572
451
450
88
804
849
413
870
764
357
853
456
731
154
361
13
462
924
984
697
878
756
852
260
956
550
659
947
899
855
255
469
951
734
517
702
629
823
62
818
284
266
663
352
97
207
109
760
185
750
342
397
320
160
810
5
366
340
353
517
129
942
548
534
748
52
169
392
241
945
661
203
155
533
866
813
759
707
327
465
917
190
671
702
794
460
920
85
293
10
719
79
940
683
392
887
297
113
982
680
971
962
64
801
810
450
631
807
530
110
326
534
965
835
946
391
708
209
767
240
669
294
525
977
123
480
726
508
242
134
493
897
663
134
47
351
167
519
359
407
126
702
207
285
399
494
524
711
576
887
640
534
752
104
51
374
957
578
824
163
128
835
255
783
140
354
177
346
875
536
276
976
149
531
560
336
646
219
266
874
812
48
455
39
738
620
100
324
283
122
266
22
258
203
526
978
26
376
474
869
935
655
551
846
325
497
981
338
688
431
135
655
372
829
446
746
547
541
824
879
75
312
35
499
743
352
160
279
750
778
61
472
395
864
627
353
295
805
423
902
994
84
463
886
372
111
369
230
469
831
770
318
315
969
145
209
416
472
55
912
98
829
879
184
160
61
784
626
237
579
891
757
610
498
632
16
124
138
377
892
220
655
656
597
335
409
427
473
937
342
408
25
101
420
46
25
337
145
465
79
950
747
813
480
763
223
445
860
170
606
5
854
285
755
541
907
80
209
597
790
999
882
13
9
612
302
402
242
718
640
218
534
233
474
781
275
376
987
790
452
446
159
237
126
764
427
461
373
274
548
394
288
789
531
737
414
76
378
970
42
357
673
264
614
98
696
391
661
528
254
33
707
636
537
716
476
664
131
624
130
77
327
118
757
182
615
566
777
204
945
300
921
768
817
430
875
344
51
772
217
988
168
636
794
741
184
683
276
890
614
470
96
980
951
437
823
781
297
868
419
444
420
340
682
119
848
766
852
740
319
472
150
794
475
207
962
691
178
340
698
970
346
940
483
606
154
420
492
717
9
751
224
979
583
171
578
167
913
391
576
626
725
413
338
270
578
561
890
154
730
568
153
205
118
173
920
27
806
954
510
236
630
588
205
680
923
563
571
333
585
228
567
187
413
986
206
719
829
120
526
495
178
645
315
146
336
967
241
536
22
461
556
115
76
518
165
840
557
270
465
995
170
387
535
19
770
5
852
462
716
215
344
967
652
789
621
333
634
19
955
114
48
201
720
246
539
532
73
647
5
322
789
710
62
145
108
881
862
952
673
124
249
964
743
937
616
718
43
888
542
384
349
673
993
100
796
355
723
867
93
245
389
1
936
991
328
196
770
464
739
392
700
787
687
117
949
68
640
509
993
749
692
999
507
394
784
873
298
893
117
611
272
645
178
391
929
76
123
821
793
195
218
406
835
76
593
271
110
946
108
215
165
28
49
520
426
249
604
586
177
842
875
963
115
269
112
970
403
607
328
378
82
790
902
802
529
435
564
725
778
350
952
737
398
341
853
634
194
646
179
9
648
495
232
211
498
679
597
303
100
314
353
157
116
585
357
377
672
13
206
841
475
569
540
186
559
10
548
885
965
865
462
386
930
352
556
605
618
993
906
775
637
757
472
529
165
264
357
605
75
674
600
845
890
293
532
919
11
209
23
630
474
903
127
928
757
675
410
335
366
704
187
172
891
297
21
689
392
395
864
292
305
487
556
444
20
609
336
33
630
47
793
956
526
97
89
532
822
497
915
131
473
448
51
220
514
144
465
724
972
624
827
495
420
998
901
273
363
631
710
178
422
363
762
635
691
218
710
494
542
511
473
747
193
355
881
520
235
839
115
700
174
746
154
715
37
925
61
125
345
457
624
141
493
462
840
33
143
79
1000
447
249
577
279
556
730
216
578
943
324
23
972
92
724
687
313
50
406
306
702
240
420
845
865
222
148
514
602
644
834
113
711
601
346
830
821
194
870
194
335
619
496
397
762
533
156
829
755
544
480
481
602
644
188
642
636
186
606
908
493
379
89
239
999
779
853
384
602
696
448
497
615
62
916
542
235
634
842
95
695
967
995
338
977
360
429
469
480
200
551
643
853
94
745
525
108
168
994
991
22
595
400
940
773
902
476
987
411
615
865
218
760
563
422
546
869
892
31
441
29
615
376
174
402
870
316
476
804
825
257
815
568
673
469
6
388
709
527
309
446
303
150
849
330
891
409
467
630
815
524
241
357
103
419
9
151
837
914
753
762
59
518
883
975
120
701
771
237
458
662
610
879
488
175
782
16
503
789
53
608
564
714
973
633
312
439
308
739
738
51
196
937
14
859
179
697
634
386
724
287
548
268
499
440
748
524
570
465
826
359
393
384
525
614
646
17
408
309
964
435
424
816
763
312
722
293
857
973
832
585
878
214
397
768
643
14
484
725
951
810
176
994
3
665
997
443
536
246
23
311
722
765
26
20
823
715
113
369
866
427
377
555
761
958
154
990
570
718
543
374
366
943
804
723
534
388
322
97
620
826
838
500
80
199
603
713
640
425
104
983
805
694
971
464
653
9
576
125
767
16
617
776
233
682
238
686
770
26
862
249
928
28
218
820
911
539
851
648
880
218
430
773
447
547
909
443
844
669
46
789
12
694
805
949
976
147
837
689
923
581
759
645
346
856
553
17
124
480
995
51
356
856
622
73
180
857
592
314
299
736
517
419
751
913
198
444
892
527
180
817
918
265
682
112
816
979
254
245
462
821
907
314
562
685
566
490
203
101
495
552
640
997
579
761
513
115
762
523
654
41
71
58
294
712
963
466
728
386
863
896
908
273
108
754
823
538
307
222
137
283
501
392
103
746
597
223
351
631
936
606
424
233
335
196
131
479
248
633
371
903
555
467
706
364
628
600
339
948
588
331
708
875
981
448
509
244
475
359
745
539
787
864
569
212
837
580
731
129
953
943
927
426
591
675
749
441
762
876
324
892
996
476
11
579
868
879
980
740
235
115
405
543
488
129
397
596
51
442
372
772
778
46
809
544
40
965
403
676
488
643
199
539
763
454
815
97
411
612
438
672
508
572
62
31
788
461
103
705
95
713
42
122
156
11
421
870
168
283
415
84
854
75
295
850
271
838
698
616
956
670
197
517
629
576
578
419
275
144
752
98
1
949
769
588
148
978
787
456
273
72
876
951
474
33
838
674
612
841
548
250
734
380
767
451
304
220
256
538
788
236
198
489
329
217
257
980
386
244
717
90
63
137
433
13
547
361
849
19
775
926
796
20
578
371
430
978
665
576
942
820
366
711
969
411
671
366
785
217
726
483
54
450
878
784
354
394
43
282
131
191
378
163
298
920
541
765
163
294
654
983
405
166
495
93
299
437
200
944
386
18
191
904
316
692
453
673
314
946
367
506
513
511
895
687
369
117
830
446
947
521
798
495
240
9
373
325
256
780
291
31
508
108
956
606
579
946
550
831
731
789
570
701
36
467
275
188
639
527
768
549
955
322
39
863
317
327
216
485
83
628
794
760
306
461
5
347
466
957
927
295
344
356
246
543
133
683
942
43
299
821
472
882
879
949
946
937
917
321
837
996
165
8
911
751
888
375
962
402
284
875
211
979
752
405
63
301
852
478
152
815
268
554
495
476
942
399
631
951
312
613
750
961
51
647
725
649
528
628
352
279
316
607
328
786
516
306
689
633
196
78
197
993
793
130
302
32
384
162
45
776
473
478
702
372
653
550
248
362
807
765
258
385
77
784
745
339
985
613
408
864
734
557
310
251
788
231
417
529
451
328
780
764
902
131
480
631
907
208
149
280
83
222
863
987
408
483
851
507
735
696
475
444
399
388
916
350
995
931
768
926
598
46
495
145
161
825
768
200
615
54
902
686
266
119
296
490
605
433
373
574
228
170
537
90
300
366
831
173
573
168
918
892
849
150
727
832
155
65
706
204
661
794
538
239
528
79
808
403
466
291
37
979
428
15
285
636
189
855
918
274
253
943
49
530
262
933
663
148
401
790
661
33
217
170
736
217
510
902
874
586
771
56
639
692
908
841
71
174
373
497
917
702
647
844
283
652
650
958
208
725
724
812
37
1
647
407
217
832
253
816
72
413
342
330
694
351
754
578
447
68
860
550
395
344
293
834
107
877
762
407
995
971
773
45
190
573
813
179
108
246
919
687
343
797
497
47
971
788
107
224
441
513
152
901
870
788
892
214
606
764
789
299
317
67
860
609
780
78
823
287
670
110
473
477
265
394
713
141
761
943
187
530
195
148
500
270
608
992
788
717
238
344
640
441
38
787
753
395
559
128
942
274
287
190
188
588
520
221
97
798
263
341
556
123
561
839
963
830
992
757
111
350
599
661
49
980
208
629
805
836
196
261
255
976
718
376
790
690
706
807
836
624
456
505
190
780
801
522
810
560
172
367
548
875
583
776
156
263
203
168
781
899
573
818
609
111
609
387
723
204
498
62
742
592
640
651
421
757
950
628
828
900
763
763
337
529
481
156
760
372
32
378
661
413
412
107
437
154
64
75
204
255
212
729
766
131
929
262
942
246
987
261
144
797
538
10
807
962
658
450
714
112
603
508
183
741
231
684
600
190
848
65
943
348
823
352
106
196
51
597
492
115
241
808
425
623
195
89
754
682
527
273
514
96
213
891
339
789
403
985
152
43
353
861
122
531
691
973
753
619
608
121
547
849
594
64
280
363
175
306
299
727
949
309
318
386
523
130
196
786
535
213
250
274
885
880
547
722
614
632
801
967
400
669
924
589
614
530
319
242
307
608
756
793
810
559
134
322
335
951
488
942
237
195
733
77
312
587
15
223
520
467
177
291
663
806
152
784
236
596
799
649
94
83
501
502
677
738
351
674
240
955
867
551
904
550
836
604
86
699
753
360
970
363
705
77
459
727
499
396
372
413
421
630
376
374
468
865
502
668
568
786
163
437
688
775
838
967
493
894
148
390
379
860
49
905
992
848
614
961
627
660
605
964
239
494
107
950
346
575
398
578
850
776
409
441
616
866
922
544
134
51
454
932
143
337
471
949
99
998
782
320
623
596
303
669
361
862
156
380
35
76
42
370
924
583
229
561
160
274
16
300
36
251
357
31
841
746
296
78
89
155
217
840
322
872
516
665
760
492
959
80
227
227
468
502
381
824
86
402
39
346
181
569
86
546
901
11
510
406
61
543
185
239
5
88
924
438
82
312
249
218
128
85
282
765
372
52
992
581
429
506
150
507
545
640
758
808
666
237
273
295
482
193
665
282
354
703
194
297
531
994
3
61
263
204
463
537
731
427
508
851
184
276
99
762
907
263
78
200
51
452
985
484
981
666
698
5
83
823
238
813
108
286
155
79
93
574
121
819
526
68
22
947
845
190
683
750
191
830
35
349
990
380
91
994
231
522
225
515
150
401
602
547
659
274
864
468
86
71
236
761
119
402
295
183
53
304
488
979
645
600
418
120
937
728
14
741
727
607
612
335
911
114
910
868
2
276
479
848
787
126
419
947
827
85
510
631
865
46
430
855
225
40
870
924
426
939
796
640
415
709
43
313
60
601
405
634
797
721
981
205
273
424
939
262
920
285
973
994
212
809
737
593
250
780
936
149
501
177
582
805
745
845
29
923
46
790
816
316
307
910
688
54
797
491
987
981
806
719
755
865
670
128
851
636
498
226
171
980
873
202
666
88
405
698
272
358
331
998
159
976
459
170
911
296
820
684
209
878
69
780
284
798
464
829
473
907
912
182
549
810
412
343
166
993
936
692
102
979
61
328
301
512
436
59
302
31
732
934
846
739
538
37
140
587
456
490
882
892
918
667
600
359
78
22
723
867
739
611
62
464
492
295
897
71
615
439
58
141
672
138
641
847
217
772
617
713
928
977
680
932
779
553
436
29
692
940
80
79
277
770
778
939
812
10
162
692
191
80
529
740
609
646
632
751
16
780
275
495
381
143
808
155
279
439
810
207
47
350
381
249
779
411
862
631
548
589
428
975
799
863
605
523
227
967
435
231
355
160
23
163
405
960
641
865
436
68
313
625
191
997
904
369
475
19
458
204
632
972
580
211
198
12
884
686
818
375
674
467
765
197
57
324
584
381
35
259
221
351
781
704
888
897
104
656
881
520
933
545
898
491
267
69
234
164
965
328
920
777
663
639
929
192
425
949
704
968
605
591
278
663
326
221
628
346
1000
492
747
853
863
509
67
587
736
614
99
376
746
494
660
681
301
88
937
478
203
279
258
189
914
154
321
339
964
785
140
156
294
56
176
759
870
77
92
789
548
609
787
405
190
997
233
85
500
855
418
661
108
488
33
837
1
3
93
526
51
691
432
640
791
267
226
193
688
240
280
732
836
257
390
63
485
584
391
270
320
280
529
43
350
64
331
150
266
456
990
650
53
199
616
988
394
170
860
19
463
490
559
171
225
771
199
818
188
928
284
371
751
568
427
701
825
791
666
388
438
464
95
309
30
219
732
542
238
396
35
1
218
11
123
661
512
364
982
662
83
188
16
928
875
533
563
664
324
916
338
822
27
388
157
837
599
774
974
270
737
873
689
221
639
463
605
394
147
680
438
970
598
918
404
850
453
945
477
312
453
30
194
905
911
106
189
267
724
565
772
607
873
364
553
312
960
942
173
147
131
526
54
591
246
74
210
558
977
832
852
383
183
678
192
198
202
126
131
220
7
551
165
748
651
974
922
821
133
692
929
38838
606
254
917
999
928
601
282
398
275
813
60
909
735
954
759
993
550
678
200
978
347
736
330
210
884
994
480
67
555
805
238
400
799
853
523
488
98
305
754
330
95
639
549
12
586
499
476
244
587
223
747
333
764
869
739
177
718
382
264
332
737
911
432
393
250
659
215
918
583
852
46
597
436
581
868
894
810
244
906
204
668
669
906
381
787
878
652
221
595
82
915
902
52
446
286
805
715
718
577
255
135
765
414
371
415
131
107
926
848
256
156
426
156
292
577
396
5
647
373
861
837
793
890
801
878
609
822
890
553
620
125
890
509
832
568
297
965
426
260
638
880
905
669
657
428
184
426
740
752
787
792
63
7
348
251
105
290
648
775
95
186
669
191
277
313
602
485
470
457
93
995
18
476
410
620
563
164
590
945
921
95
245
255
143
868
4
115
808
419
199
361
476
670
863
2
513
587
629
891
913
601
439
544
396
107
869
982
313
963
557
199
196
115
921
72
976
838
884
231
621
478
782
652
462
786
875
438
139
113
857
323
72
730
284
442
492
977
492
332
759
257
401
697
564
164
914
852
738
544
615
763
566
872
557
694
189
334
632
516
738
324
888
471
424
116
649
131
990
124
494
106
940
405
962
974
347
567
563
13
112
259
125
702
753
576
657
383
349
695
471
380
793
265
112
529
130
156
831
354
843
960
944
168
572
897
247
168
709
495
499
231
993
640
224
703
301
257
146
684
328
109
408
859
761
107
323
858
787
343
538
641
282
890
487
11
18
151
612
364
327
408
537
414
398
194
726
230
21
242
862
648
408
935
714
858
860
851
923
79
703
147
929
893
407
734
815
82
705
433
652
356
850
52
919
800
218
508
19
274
236
766
410
789
219
34
940
756
957
612
909
389
352
845
78
790
195
647
242
140
878
598
508
474
746
567
999
252
238
412
424
880
711
489
535
544
885
633
349
525
16
554
62
388
381
702
355
476
102
945
498
361
107
802
188
518
273
70
871
113
165
83
472
390
231
397
663
50
54
234
169
533
565
49
251
770
398
434
18
876
955
326
566
662
502
462
170
326
273
57
920
455
54
187
188
476
948
399
517
540
668
409
720
844
531
13
663
394
546
217
565
435
31
424
233
855
357
543
4
214
984
219
957
954
707
246
563
387
453
718
436
775
46
299
401
292
256
401
187
348
24
499
672
31
899
275
580
879
372
156
611
284
829
930
869
178
718
161
903
951
930
826
575
740
366
434
109
715
847
777
954
109
168
657
755
267
591
276
360
909
176
475
367
573
570
743
107
827
572
127
219
793
768
113
735
240
625
703
707
63
726
417
522
524
496
646
870
20
343
186
333
118
796
584
866
22
393
472
715
187
211
884
477
510
662
491
312
750
457
256
425
353
291
41
138
136
294
414
850
501
518
348
816
148
826
487
292
173
850
222
947
481
871
619
953
224
526
432
542
135
942
850
558
87
145
675
641
721
690
647
623
765
498
419
489
6
738
504
971
1000
883
91
662
800
217
827
712
103
299
657
237
189
414
807
9
625
682
777
871
729
191
327
261
756
843
211
99
640
318
319
654
216
471
54
875
960
283
296
125
128
842
381
564
494
462
533
721
352
308
524
242
425
909
325
737
159
188
807
358
575
663
879
172
192
953
77
326
540
165
626
552
91
696
826
261
425
683
788
895
474
612
712
984
335
321
419
758
437
839
500
604
333
706
576
815
260
344
279
965
304
942
394
526
174
235
318
616
1000
208
688
464
353
87
996
393
61
662
777
786
132
701
99
128
857
811
731
405
776
93
68
959
172
361
122
735
49
199
949
223
546
468
49
357
978
909
587
737
264
902
872
503
800
311
757
367
612
731
829
181
673
955
793
942
342
7
706
252
425
758
228
326
524
378
142
87
946
320
260
346
101
440
242
717
695
5
987
456
709
181
779
472
449
622
946
518
15
48
930
690
107
477
398
905
320
935
345
206
203
296
916
194
251
667
476
416
550
512
47
923
519
436
151
652
174
609
426
53
743
556
525
144
912
276
99
276
92
951
59
384
876
256
73
388
733
192
988
898
345
455
935
905
219
162
493
387
155
485
542
492
869
912
670
262
80
962
614
366
752
728
18
959
424
762
423
492
883
78
934
78
302
276
438
958
369
79
470
631
382
405
94
563
829
593
585
820
692
475
431
276
10
125
797
790
331
721
789
969
486
167
923
576
359
622
96
348
351
389
266
633
594
682
276
855
954
76
289
72
68
570
465
212
338
880
510
379
612
208
977
149
797
627
944
773
811
747
551
729
897
960
157
353
626
787
301
506
819
178
530
165
13
335
286
176
533
247
96
282
203
156
509
924
916
139
87
49
432
417
723
894
255
12
900
436
770
969
994
8
282
766
411
987
500
193
627
365
150
815
949
105
304
943
650
840
690
579
404
643
506
264
104
103
587
806
569
178
898
32
422
68
458
922
959
397
691
305
973
540
379
7
619
166
740
219
157
368
430
541
381
297
168
2
122
848
925
22
730
4
909
559
295
100
563
239
781
459
360
792
155
60
384
927
859
274
711
435
338
955
748
412
430
166
967
92
826
521
839
755
450
497
850
112
446
52
309
414
866
106
225
341
822
690
396
975
128
231
302
550
795
218
677
846
299
828
307
107
468
731
541
348
141
450
693
231
91
495
296
668
673
262
8
1000
783
690
651
291
586
520
899
383
10
560
669
758
162
903
49
910
214
210
203
384
630
131
708
108
944
207
474
429
235
282
496
80
654
817
91
912
328
704
729
230
479
866
273
532
2
837
422
99
889
351
243
282
279
299
520
989
568
962
183
104
323
209
481
191
741
287
693
120
595
55
835
903
646
239
60
573
652
111
730
435
304
588
51
665
853
296
450
165
891
993
668
286
503
838
111
506
948
114
55
4
373
843
686
797
290
828
734
62
978
584
169
209
555
247
102
354
715
362
925
202
124
226
449
114
854
542
909
913
572
104
552
459
431
18
405
235
209
933
900
289
936
166
178
160
879
462
379
116
253
451
416
521
469
977
91
938
180
138
431
308
551
85
817
640
164
763
527
579
894
778
168
613
391
808
81
346
122
627
163
85
308
37
460
156
416
590
535
873
597
966
990
535
688
306
151
546
781
867
541
362
414
517
704
146
894
765
944
179
48
293
270
898
127
705
825
221
147
260
976
423
28
483
117
936
246
768
285
46
112
913
466
9
193
504
622
142
261
235
542
299
754
548
375
309
997
428
559
227
547
476
80
999
776
240
929
309
619
358
340
543
751
195
778
108
973
265
254
726
649
636
408
648
59
416
239
271
453
513
130
831
836
629
487
897
454
476
186
790
189
934
572
606
781
25
881
897
838
391
21
430
419
983
915
164
162
614
638
734
698
190
769
935
972
991
920
735
491
806
340
157
31
998
641
406
653
661
561
772
56
466
908
506
672
710
611
682
243
286
310
449
566
958
209
127
940
774
574
150
608
597
366
131
581
153
840
180
129
97
38
277
117
986
868
334
467
63
668
393
972
988
359
131
147
540
380
376
493
174
565
642
648
534
393
168
742
412
66
465
855
36
683
637
301
596
444
447
441
191
568
772
151
312
588
116
706
797
871
371
809
816
1000
981
754
630
831
407
413
677
481
884
295
464
982
484
701
563
788
306
467
953
325
579
197
130
446
543
980
879
710
741
952
467
652
845
375
15
179
963
408
717
370
960
115
124
646
891
170
990
722
199
976
393
405
465
352
197
73
264
723
854
365
976
144
775
65
274
624
271
595
910
478
773
492
239
255
784
417
918
612
827
882
663
488
537
864
900
724
942
825
40
641
996
415
474
499
5
158
339
587
148
74
395
758
591
708
18
39
534
18
830
712
434
38140
202
727
448
65
103
380
136
189
997
320
379
945
332
640
102
842
305
88
995
427
127
641
966
152
81
213
575
925
431
808
518
920
982
806
620
239
792
612
804
449
873
696
476
93
704
989
419
316
170
587
700
459
708
92
137
977
994
745
231
127
450
812
331
893
883
406
591
144
701
332
206
623
192
690
279
670
882
540
592
391
296
760
507
918
832
99
59
993
779
422
441
323
247
964
738
337
550
876
742
376
331
81
955
604
931
642
377
753
152
114
655
675
229
201
899
178
854
239
401
309
59
563
777
924
752
661
937
863
628
811
578
224
882
800
772
290
743
120
149
810
185
256
671
571
275
810
549
14
157
805
346
658
889
258
406
631
77
314
939
767
821
241
877
316
65
323
849
83
707
21
450
982
53
488
511
630
260
454
301
86
25
402
123
462
724
129
382
533
281
310
190
818
68
241
931
264
5
208
699
242
465
363
53
534
499
714
662
475
392
174
719
1
624
13
829
313
464
37
288
192
725
456
529
608
212
626
655
161
260
979
679
380
540
990
921
279
841
747
727
95
891
300
229
172
411
731
512
501
52
635
424
84
404
505
133
500
835
755
103
549
5
112
95
238
878
196
845
101
941
653
519
29
429
453
396
283
136
661
297
868
984
26
797
907
258
999
597
992
791
697
86
944
202
23
358
975
171
299
451
419
967
202
806
97
166
472
145
381
843
757
902
80
550
217
651
536
667
454
101
827
420
201
211
174
963
312
810
194
767
412
724
302
491
122
136
753
962
618
865
661
5
542
334
576
270
662
859
888
784
855
741
677
450
993
157
821
85
636
790
857
758
786
202
575
259
822
971
953
40
591
31
879
67
267
217
265
339
254
310
525
927
224
359
325
281
945
891
187
691
477
195
356
930
22
822
387
297
633
329
189
59
89
49
580
486
97
374
890
685
862
920
599
210
27
632
786
427
411
196
619
566
91
799
870
845
572
965
746
911
513
462
278
164
237
169
428
188
708
449
338
832
638
130
950
630
413
500
831
318
932
468
922
178
144
467
590
603
709
938
906
680
955
629
162
779
204
373
938
373
811
100
196
884
97
479
733
625
171
586
847
527
906
824
232
300
199
866
103
236
806
429
676
762
440
429
413
136
520
697
83
877
70
484
971
882
178
267
778
178
313
297
33
404
513
928
119
580
725
783
944
336
66
146
731
84
792
671
856
961
336
326
29
148
291
650
220
595
521
511
387
972
757
213
622
973
800
804
209
31
917
904
522
556
998
517
77
411
191
596
636
136
839
287
448
992
520
467
78
27
394
218
569
125
911
370
806
431
792
114
446
737
971
828
385
691
666
932
511
67
16
277
51
192
674
166
771
305
510
681
981
305
10
145
355
3
151
305
522
579
994
266
606
449
546
811
226
400
82
698
149
381
640
198
625
352
433
796
979
323
820
471
720
305
424
682
113
39
228
793
179
898
657
395
618
538
361
205
712
691
433
625
107
266
413
471
849
65
283
383
304
558
905
306
570
26
982
681
741
775
988
273
856
740
6
756
373
725
938
916
387
784
686
511
607
507
647
851
294
661
800
15
575
634
753
558
93
416
626
485
291
444
773
258
149
703
808
941
924
738
805
524
845
742
52
899
531
153
891
838
610
7
300
574
21
983
217
823
209
827
414
761
101
530
16
356
112
76
223
509
886
670
671
918
906
587
583
307
300
681
450
290
69
958
703
10
714
264
806
492
608
584
844
974
155
921
792
299
149
282
200
877
612
593
644
20
566
359
390
52
248
686
82
863
693
17
366
158
167
446
677
406
162
596
735
438
96
741
567
134
734
558
551
641
356
701
310
635
588
352
950
308
294
369
200
45
848
513
893
227
532
358
815
309
247
545
602
45
511
46
640
227
149
642
954
440
533
432
199
328
855
179
297
595
524
898
547
675
73
660
205
140
890
831
550
162
747
554
160
714
637
560
4
632
96
647
507
446
254
377
1000
461
994
150
840
169
710
634
147
88
811
605
772
157
682
105
599
146
582
447
422
567
457
750
196
218
602
787
976
821
608
624
900
270
164
892
845
32
325
160
951
385
894
660
308
436
645
89
323
188
123
630
143
646
977
326
999
4
56
337
659
342
554
923
585
169
39
328
144
279
914
544
1
829
776
71
800
787
962
158
237
377
966
848
682
934
379
184
601
254
971
404
187
860
897
118
321
113
82
451
438
984
800
404
95
162
939
998
536
44
883
275
215
914
772
263
220
591
562
217
387
349
197
582
644
148
381
513
894
154
231
808
784
602
982
793
294
611
615
16
324
404
538
943
761
164
829
373
16
892
517
485
495
383
866
356
414
120
439
259
906
212
706
634
900
274
406
893
619
612
646
374
970
688
3
975
956
653
958
993
499
600
117
609
850
173
200
468
752
741
385
752
864
46
513
308
732
511
605
56
839
777
785
200
94
587
184
934
70
17
913
848
309
564
938
753
338
882
732
100
343
439
217
178
2
853
167
712
257
143
265
788
193
348
99
538
198
637
985
676
502
165
733
846
386
650
765
881
431
685
521
257
47
147
271
806
442
137
110
680
680
787
857
630
504
652
721
564
452
186
150
969
814
946
129
67
449
844
754
317
629
258
292
587
719
40
654
549
845
825
718
421
521
911
143
679
764
291
234
455
271
151
702
951
56
50
131
709
31
486
438
295
61
304
739
208
891
19
551
8
432
396
997
806
438
542
242
433
564
126
139
305
829
719
360
348
561
415
676
345
695
685
56
460
366
648
72
485
536
69
544
459
383
737
894
867
441
955
355
345
56
10
72
818
314
236
129
336
637
167
167
604
196
182
248
696
60
450
213
238
589
690
816
614
566
626
288
962
375
130
587
741
608
665
247
130
106
195
91
628
968
11
960
224
803
903
486
110
130
174
779
570
439
561
529
761
864
183
912
663
310
510
222
179
748
688
394
416
926
508
189
351
54
741
733
830
672
386
13
38
925
820
929
311
989
217
228
105
518
906
865
28
667
632
758
485
740
210
785
918
447
679
259
997
342
83
843
903
360
618
574
566
540
842
77
847
342
856
249
783
867
806
741
874
502
829
280
548
989
35
347
237
506
520
470
516
940
267
678
552
621
74
816
431
855
772
694
599
892
849
287
270
386
868
710
307
732
31
860
654
443
953
785
998
924
554
775
789
744
755
564
345
994
354
444
125
657
279
219
492
700
626
617
71
64
514
787
165
863
670
954
96
682
333
826
298
903
751
946
93
470
227
139
762
461
263
919
69
381
554
450
944
250
894
768
604
536
850
769
150
952
501
114
760
130
136
590
171
866
187
2
212
641
692
874
674
756
170
997
209
752
197
252
995
782
924
750
805
224
307
977
158
932
791
436
333
764
790
516
230
842
513
427
21
341
302
165
324
128
481
808
145
255
372
833
945
304
789
45
386
832
114
549
399
429
632
376
476
527
933
637
211
168
677
681
496
913
57
609
170
547
372
476
637
819
810
202
319
62
1000
982
623
25
45
318
969
575
690
370
966
119
710
36
599
964
967
630
2
82
966
451
259
619
307
152
148
333
45
85
519
761
462
620
618
814
223
893
611
99
897
780
557
663
930
908
848
185
407
391
338
723
767
940
815
728
599
669
62
353
672
291
283
615
852
74
976
469
979
65
346
256
103
898
635
269
218
128
56
438
289
254
771
40
208
85
798
170
377
37
885
85
241
241
554
394
754
611
747
971
132
821
818
752
921
690
165
572
140
363
624
192
60
874
256
272
208
66
413
368
387
502
361
73
623
349
799
781
802
835
1000
509
580
943
942
632
974
590
114
426
677
303
715
294
416
17
360
399
999
484
925
649
955
178
35
370
176
461
44
174
373
23
18
844
722
882
433
516
448
595
609
591
859
858
764
445
80
572
969
371
486
725
543
30
627
883
524
310
639
604
807
699
11
910
788
370
223
456
824
990
423
687
464
852
504
343
576
96
202
469
855
703
206
152
103
179
21
638
741
39
806
23
268
713
16
187
666
843
927
254
283
111
424
271
405
315
183
363
10
72
608
475
943
800
716
45
246
372
681
131
820
552
763
634
505
493
858
728
966
665
239
530
638
987
333
229
25
464
786
106
731
607
757
905
146
774
252
361
970
554
415
369
451
546
817
650
712
919
32
426
300
131
739
871
794
480
929
7
888
752
541
459
955
902
898
515
413
691
183
446
937
288
566
549
548
992
891
447
286
181
138
665
77
929
510
147
833
219
531
900
639
947
9
168
251
691
719
969
526
279
135
117
143
341
490
900
774
771
664
472
575
649
992
219
276
358
143
12
749
181
288
390
16
652
498
81
847
93
991
546
194
131
159
675
625
735
801
271
140
527
266
123
254
798
865
738
783
101
981
100
789
832
894
647
28
954
129
948
827
146
273
33
174
873
888
921
595
328
388
242
737
587
674
126
577
658
902
512
288
315
910
809
555
680
668
22
776
71
798
953
569
798
661
890
583
563
868
439
911
327
957
566
200
731
688
870
432
80
855
636
447
239
620
331
654
16
642
676
900
901
8
547
412
942
853
169
137
132
464
185
158
456
232
334
826
119
944
560
928
930
284
687
302
85
955
942
530
659
715
208
58
959
71
808
804
421
630
688
529
222
673
453
622
993
226
160
216
66
926
7
421
210
87
565
16
458
933
280
557
43
622
50
23
645
34
316
218
442
595
763
554
320
935
922
103
69
582
46
9
560
731
986
391
634
537
717
789
211
773
508
724
787
908
375
343
70
634
326
214
354
254
656
979
168
719
277
644
76
236
224
574
560
308
631
980
704
918
238
598
839
676
892
592
898
235
701
736
784
614
9
200
950
780
700
434
412
10
990
736
480
132
514
554
523
435
814
198
933
378
22
411
500
98
508
9
229
44
151
467
89
476
999
770
682
698
248
446
355
286
890
589
249
348
71
874
457
255
43
44
541
914
354
101
446
91
961
95
570
536
396
605
148
63
88
633
704
70
63
910
662
144
484
774
186
248
47
655
93
678
644
557
546
986
83
354
24
558
164
536
874
246
322
85
689
528
494
635
387
858
630
619
544
793
788
220
846
690
637
400
11
201
69
795
424
643
457
138
357
559
979
465
867
779
175
977
886
440
987
644
189
380
768
1000
697
951
323
652
312
43
71
894
452
308
648
590
62
908
325
938
696
634
739
862
634
20
472
995
809
515
670
671
508
580
103
423
273
404
808
352
844
53
958
583
122
566
132
825
254
690
434
24
916
758
957
412
268
421
803
329
25
820
498
920
627
750
258
988
964
582
706
681
648
286
952
947
793
607
691
332
140
593
926
728
97
610
34
691
411
608
902
204
449
141
320
329
499
439
39
161
443
638
940
773
429
524
291
176
644
326
48
250
563
999
71
915
451
928
782
927
104
674
92
833
247
697
761
615
116
962
4
786
820
634
751
426
224
824
805
531
770
202
853
75
909
824
342
353
702
833
311
111
407
869
752
59
905
592
684
730
793
165
537
250
176
542
820
183
453
140
592
317
119
729
301
113
946
102
663
828
321
33
780
794
462
117
507
81
684
71
235
799
268
338
881
767
396
598
611
76
913
629
178
214
430
655
145
706
290
801
3
653
452
128
530
881
149
455
755
142
666
702
346
689
477
781
793
538
603
98
606
72
853
769
675
716
588
560
618
885
425
679
613
796
556
147
929
168
202
649
25
434
313
37
313
663
125
43
698
79
486
335
539
399
218
248
23
981
513
489
969
882
712
506
655
46
683
130
211
103
517
28
290
685
575
928
798
879
829
782
201
609
339
676
532
36
93
245
977
865
635
488
134
661
789
95
488
254
476
9
202
837
563
185
214
174
204
163
774
879
528
46
598
254
821
748
891
72
254
544
41
430
130
164
139
911
548
819
489
933
567
678
157
104
148
347
945
702
292
9
777
967
289
746
554
359
309
582
20
672
93
731
754
161
815
345
416
339
887
127
254
882
787
903
791
686
813
2
697
580
293
906
433
945
217
89
613
205
657
4
817
772
351
392
323
757
880
802
626
516
152
902
432
335
3
160
13
100
447
52
778
181
888
345
218
479
384
634
730
948
71
324
222
127
527
873
403
511
291
517
2
174
734
840
271
785
970
170
702
285
420
674
406
777
88
724
841
635
361
641
539
279
959
658
880
997
407
218
909
102
597
983
294
536
732
525
150
274
363
160
877
34
126
718
250
4
713
916
813
88
402
928
337
63
416
191
693
320
209
906
991
693
886
261
142
159
611
267
84
96
521
25
403
317
378
822
170
200
412
400
28
785
400
611
886
620
39
448
166
63
919
379
190
27
72
484
978
334
9
343
789
877
553
351
812
443
974
471
577
804
238
578
887
683
230
764
973
401
835
916
526
400
717
514
321
218
459
101
376
849
151
465
205
47
886
35
168
702
491
14
845
369
841
789
551
234
975
650
934
93
54
183
436
958
803
814
268
955
50
306
84
184
98
485
794
267
908
443
13
297
475
473
13
463
429
748
856
268
820
66
850
392
172
481
187
350
441
59
741
785
707
897
712
257
332
689
831
109
241
698
103
433
947
441
616
764
993
166
152
199
678
376
950
20
2
869
976
210
697
391
257
448
878
389
821
340
866
899
870
517
321
276
75
846
140
130
294
339
528
339
449
42
841
884
7
485
951
657
329
815
304
801
9
22
899
490
770
306
752
35
596
193
716
916
442
12
848
724
304
711
331
485
21
237
722
841
772
201
221
734
537
938
242
739
350
492
472
407
205
65
202
852
707
932
183
440
418
65
224
421
792
820
663
948
949
765
702
670
722
559
573
543
35
840
521
831
872
281
515
237
398
306
683
239
791
585
334
960
843
12
895
666
739
450
892
703
477
482
359
775
328
753
724
478
59
499
396
597
738
254
715
805
988
480
768
832
132
100
886
377
428
388
557
860
797
352
443
238
800
270
759
700
320
723
724
614
630
337
8
960
922
750
235
19
230
406
853
801
325
777
869
461
929
518
449
667
944
704
476
717
714
831
994
739
787
657
792
365
277
15
217
562
948
476
618
593
678
552
131
704
333
801
750
994
380
615
21
675
990
508
548
766
818
253
602
50
389
437
71
859
794
536
857
745
876
374
995
331
272
937
772
297
150
809
931
119
721
994
108
464
352
632
887
209
838
954
304
210
200
778
502
64
808
248
972
502
10
537
550
282
866
381
332
256
384
916
804
596
542
39
635
769
695
94
214
785
708
886
170
857
301
644
750
350
257
543
201
704
944
878
219
729
575
863
525
17
472
500
5
66
63
190
316
718
406
979
621
48
200
370
725
394
635
933
416
939
632
958
228
594
263
463
983
601
518
63
608
172
988
51
147
188
605
119
261
709
698
220
644
255
207
411
124
890
96
685
909
837
423
918
507
794
896
643
261
449
400
246
464
420
900
587
992
151
291
888
588
589
456
230
985
369
184
369
438
850
431
268
861
328
426
470
206
516
858
373
690
546
441
670
533
392
991
438
410
651
796
648
599
883
439
731
508
811
46
900
562
128
544
150
915
95
690
88
831
459
743
475
34
360
755
72
661
214
529
864
362
915
564
392
836
374
60
400
906
234
704
658
153
285
202
977
358
687
352
662
710
902
966
255
621
524
295
523
142
797
80
855
259
457
986
137
930
99
904
610
123
403
789
323
685
524
532
258
896
820
519
463
492
911
950
714
622
126
363
784
670
758
845
836
618
407
199
109
946
455
284
879
834
605
540
825
794
481
722
227
223
901
456
196
722
535
582
791
381
472
132
876
983
258
56
642
348
105
930
372
35
63
823
232
977
86
449
462
457
902
650
440
672
868
423
877
962
793
957
806
113
553
161
814
946
863
150
834
655
868
221
507
686
169
713
148
325
425
53
939
549
910
372
248
816
583
240
324
563
345
8
948
706
288
470
55
995
192
421
470
223
515
297
619
502
538
745
835
280
306
750
178
856
132
366
586
685
193
704
436
164
608
932
826
560
137
10
328
614
91
248
600
25
789
181
230
360
943
245
507
661
72
124
45
229
397
667
223
896
109
836
547
353
557
372
812
681
587
660
53
507
279
195
204
381
861
402
86
668
108
769
175
767
182
888
404
388
37
965
46
282
812
154
840
235
108
769
943
566
53
462
144
377
635
11
998
979
807
532
123
336
248
11
191
156
644
548
155
468
873
700
491
231
218
402
195
692
549
464
325
865
484
73
23
143
747
554
756
615
337
251
714
50
122
479
530
377
817
146
47
81
887
714
290
999
263
999
123
218
559
527
105
135
845
343
379
135
584
775
917
628
650
978
542
630
496
782
660
274
207
406
511
244
369
501
828
43
398
186
965
629
938
579
953
513
836
548
256
835
247
863
698
824
564
105
481
322
547
3
821
981
38
38
532
902
919
683
85
931
867
21
819
379
760
947
858
545
543
743
543
767
864
545
350
433
773
846
555
8
607
486
808
850
373
605
392
465
33
570
921
120
812
28
254
114
349
973
383
368
884
92
805
53
564
91
100
21
332
594
887
855
485
6
282
64
123
1
230
569
403
458
403
835
775
464
681
978
452
987
751
997
287
766
234
177
264
713
92
193
365
349
438
755
254
670
298
738
835
839
76
367
227
648
708
48
517
716
965
616
210
93
712
344
959
969
92
593
693
549
525
272
530
688
874
742
552
212
571
995
311
689
159
437
678
371
56
892
96
759
158
511
254
11
201
686
320
550
581
276
4
273
773
910
662
553
472
24
389
18
108
155
695
870
346
794
230
576
683
83
318
376
78
968
483
318
897
389
83
550
887
471
632
796
761
877
872
17
603
855
442
30
885
34
901
979
494
888
458
37
452
307
925
183
224
294
833
247
12
399
529
714
483
474
272
375
162
785
386
402
28
672
587
189
253
211
586
114
520
660
948
202
135
552
666
925
350
812
56
22
497
933
228
631
472
603
840
955
793
1000
415
983
187
998
215
328
997
793
323
243
768
909
57
653
867
939
887
100
943
934
545
533
131
767
502
718
334
104
884
742
734
666
751
61
551
787
350
912
866
980
486
55
309
606
830
895
775
843
544
625
375
303
831
78
921
724
24
743
492
954
16
144
852
476
85
204
744
189
321
834
162
351
166
10
517
161
775
95
29
327
108
269
501
560
801
762
808
222
390
40
830
460
344
265
842
484
320
868
501
563
275
566
458
422
970
184
369
588
960
26
954
254
153
603
204
856
875
614
529
841
776
318
470
138
311
914
965
502
14
397
167
28
496
955
29
653
865
245
8
669
322
823
710
780
58
139
805
837
466
330
830
603
795
972
815
69
335
37
568
828
970
390
389
5
347
821
772
359
345
722
563
519
240
642
68
662
875
113
658
500
881
599
665
560
143
104
154
627
865
307
375
34
948
996
218
178
56
319
308
746
137
490
655
684
417
176
86
316
652
974
167
227
651
855
880
516
955
706
291
411
639
330
52
353
453
44
561
275
730
179
464
571
789
808
271
314
981
533
576
246
36
645
239
260
706
504
326
704
65
246
693
489
680
966
629
78
714
478
47
704
857
365
692
726
223
904
37
776
622
755
155
932
681
403
76
871
242
466
825
264
420
243
981
293
467
56
1000
398
839
983
240
380
292
459
749
752
631
4
94
962
781
956
886
703
768
831
371
408
523
235
325
368
143
787
420
8
109
623
557
755
528
867
929
337
100
290
149
555
267
329
75
254
324
757
477
143
60
725
722
542
142
763
953
679
761
442
380
822
250
124
876
315
138
167
389
770
83
577
191
208
478
764
182
792
151
869
99
582
807
15
340
982
614
173
757
631
450
300
817
336
1
669
816
535
932
731
938
748
845
447
663
925
79
933
685
393
566
89
638
221
855
567
752
771
606
515
322
478
394
479
529
346
657
466
124
352
791
158
661
287
602
788
396
695
132
223
454
932
62
633
862
206
741
414
875
250
290
141
573
130
190
988
318
395
784
400
754
783
699
862
707
377
364
848
263
810
326
500
459
54
444
140
26
105
779
624
343
850
435
335
459
905
125
778
781
912
332
732
421
994
449
623
631
721
72
699
155
789
549
21
523
250
385
429
107
421
615
826
525
866
456
244
427
294
920
66
43
423
18
282
800
972
604
142
520
786
767
926
182
612
305
673
500
391
834
330
710
208
846
99
331
632
395
88
553
888
889
823
6
631
686
204
229
462
831
751
351
700
720
110
554
177
289
894
384
406
820
473
689
980
64
390
246
252
114
250
14
536
626
90
209
823
400
787
46
202
849
322
863
442
131
167
318
570
465
804
265
429
818
634
736
127
195
507
715
340
175
77
639
282
650
317
946
630
521
766
246
837
666
585
71
18
779
25
471
132
739
849
917
953
856
987
754
409
741
988
665
406
496
621
217
224
295
125
302
515
401
162
290
896
924
746
807
221
413
525
772
781
943
490
119
635
135
529
755
853
638
885
456
317
928
574
350
245
513
707
617
281
3
82
469
676
907
497
450
241
402
435
855
39
903
674
897
659
171
744
705
334
412
53
677
44
757
108
451
538
602
601
484
500
738
560
770
653
949
881
170
505
405
980
619
668
580
535
765
677
706
44
936
585
980
372
781
410
745
275
509
341
135
81
229
708
580
775
715
569
578
320
200
785
939
993
101
970
505
542
270
431
468
710
496
405
673
778
532
635
715
665
532
424
813
496
316
959
277
317
57
238
702
216
223
140
776
479
678
443
810
834
233
267
142
539
660
679
443
351
542
50
704
58
518
616
540
279
665
108
154
743
820
262
613
657
646
837
195
475
133
169
697
637
931
869
290
308
795
551
541
421
860
654
339
623
636
745
113
361
515
392
217
792
196
139
984
361
591
424
450
223
427
595
537
468
294
763
734
167
689
152
108
498
736
920
126
874
943
208
417
431
553
753
691
141
358
140
878
487
193
899
897
77
75
183
830
156
251
40
790
959
640
817
259
255
267
93
457
832
527
751
422
169
742
218
127
286
917
627
202
627
5
20
405
28
779
829
221
116
35
835
751
935
192
558
888
375
918
961
689
968
544
209
442
770
979
91
48
130
831
481
615
76
833
930
832
88
171
634
112
396
110
538
637
868
996
335
623
68
702
584
996
863
433
136
750
482
771
16
859
734
798
458
487
953
920
877
247
805
244
668
205
455
316
889
223
930
170
900
934
904
845
125
928
947
234
382
940
386
310
246
338
318
481
878
666
434
642
652
477
793
990
408
823
406
988
347
555
513
232
135
30
194
655
396
710
156
327
921
379
205
73
454
424
976
458
376
884
373
707
781
233
495
759
21
36
362
947
93
812
41
182
802
848
103
725
41
632
476
681
48
610
470
490
8
107
619
729
709
810
569
676
96
405
662
153
389
424
282
759
401
942
965
640
247
935
123
201
22
186
170
175
607
478
218
85
732
343
782
884
107
531
546
228
174
286
166
46
64
192
187
703
423
748
799
361
162
342
513
647
694
222
665
966
229
313
34
211
435
597
985
2
852
134
46
58
471
225
761
892
810
386
972
390
581
10
480
127
603
612
320
871
717
861
833
178
879
285
220
341
710
407
975
39
699
113
984
922
758
163
35
504
260
129
798
262
223
882
461
288
400
74
368
843
47
372
987
22
306
41
385
203
247
383
538
544
632
704
606
171
540
405
200
685
144
757
494
295
526
868
487
624
235
102
423
810
28
13
213
759
953
615
69
867
876
508
776
514
449
704
292
131
50
754
804
221
802
127
560
835
541
161
497
859
735
843
302
965
922
139
93
620
710
454
655
835
962
68
216
791
477
604
779
393
1
343
304
520
480
349
564
316
333
607
674
477
308
816
656
173
42
536
386
589
957
824
184
448
61
890
349
132
840
519
100
692
125
946
336
129
765
439
465
338
724
279
222
822
638
317
211
350
865
993
655
211
865
118
56
261
255
184
258
729
511
268
963
469
145
222
892
604
743
652
88
386
282
629
289
717
315
422
972
101
117
236
54
208
116
876
97
214
52
871
265
302
515
843
556
315
307
383
780
261
712
887
558
796
596
146
97
62
340
318
409
274
187
959
117
863
820
103
315
936
710
18
731
615
648
908
331
967
776
729
423
602
898
151
256
619
507
918
767
510
896
433
221
978
600
716
299
440
1000
79
174
358
900
458
965
895
346
549
442
536
333
945
104
52
351
267
801
303
301
726
426
675
163
808
834
155
822
474
771
706
999
346
87
908
928
39
598
791
50
798
154
13
335
163
435
722
462
192
112
118
88
983
88
626
176
820
446
713
36
523
449
523
205
582
79
725
107
914
969
949
406
505
220
769
162
427
941
481
111
268
535
601
597
439
372
531
344
174
103
693
207
681
407
456
645
380
484
723
516
723
838
856
80
302
646
969
781
176
720
444
412
416
493
158
349
649
368
304
533
195
791
747
484
565
737
787
49
879
420
478
71
994
738
846
16
792
589
101
367
128
834
510
707
364
36
529
730
382
489
493
188
342
321
5
72
356
527
438
873
611
371
207
48
603
876
874
77
98
415
533
440
473
320
718
893
182
118
303
781
347
790
405
547
862
133
842
311
773
685
810
953
525
307
561
911
255
638
560
655
152
640
934
139
435
336
590
973
417
554
444
528
827
38
452
98
484
871
481
402
254
382
272
490
47
791
609
890
256
257
379
457
29
635
745
150
556
832
541
35
152
239
740
371
782
712
272
620
588
406
916
37
253
573
893
673
950
506
532
183
4
760
244
397
694
185
21
91
143
190
859
107
411
288
94
225
245
991
16
58
490
397
9
362
496
216
352
717
154
632
969
584
101
209
790
701
934
753
289
310
173
224
688
328
767
729
172
503
847
800
332
938
911
161
343
915
317
394
926
132
790
396
55
196
41
585
23
850
974
326
498
466
122
436
85
819
664
18
933
768
42
660
882
587
519
771
4
49
629
100
499
350
880
137
71
964
697
67
180
73
286
866
406
763
863
240
796
402
364
653
686
434
122
646
180
381
254
477
433
967
215
311
686
944
516
224
274
469
724
168
817
937
799
246
740
598
652
242
522
340
469
122
208
958
289
135
869
662
579
407
325
37
346
650
932
973
585
616
6
168
965
204
38
131
709
32
455
966
390
716
634
210
509
146
61
389
849
147
963
974
643
14
198
693
352
535
706
662
408
836
520
552
438
486
982
118
216
220
145
847
731
881
734
474
611
60
780
435
885
209
140
417
645
431
575
746
443
748
193
218
12
520
252
745
677
955
70
525
353
688
417
400
357
964
328
193
15
625
897
302
533
709
542
561
551
146
611
314
433
593
169
893
363
448
100
196
441
991
51
634
456
126
362
94
384
183
742
1
256
199
113
191
769
397
64
911
802
401
509
424
423
618
787
728
890
531
621
935
152
177
99
377
878
301
664
862
18
679
549
360
840
462
542
678
317
244
213
986
963
346
261
180
687
1
409
990
755
583
647
569
806
770
177
971
950
419
987
867
692
919
956
386
714
550
958
201
979
809
819
39
949
897
79
745
435
905
606
764
370
635
909
685
407
648
400
683
147
705
711
372
734
141
655
709
932
626
128
5
614
774
707
961
382
706
132
968
725
32
990
269
534
227
71
552
243
720
437
901
191
796
106
786
967
3
973
564
294
175
662
994
120
255
832
412
408
735
393
859
4
583
629
182
748
163
160
851
108
651
685
134
707
889
268
649
623
282
143
345
642
8
882
875
702
127
651
523
126
169
976
658
903
701
502
485
274
382
455
734
646
120
267
261
760
468
199
7
514
966
852
76
342
271
632
941
965
25
204
244
908
288
301
967
793
848
729
666
625
158
69
605
82
23
277
445
286
257
904
350
280
620
880
730
494
71
508
447
742
808
223
332
924
955
702
493
934
308
926
508
242
816
768
240
664
498
969
544
382
349
151
600
313
508
53
989
300
78
73
556
463
116
868
105
795
939
149
435
914
222
968
372
293
57211
57211